,school,sex,age,address,famsize,Pstatus,Medu,Fedu,Mjob,Fjob,reason,guardian,traveltime,studytime,failures,schoolsup,famsup,paid,activities,nursery,higher,internet,romantic,famrel,freetime,goout,Dalc,Walc,health,absences,G1,G2,G3,G_avg
0,GP,F,15,U,,T,2,2,other,other,,mother,1,4,0,yes,,yes,no,yes,yes,yes,no,,1,2,1,1,3,8,2.75,3.0,3.0,2.9166666666666665
1,GP,M,18,U,GT3,T,4,2,health,other,,father,1,2,0,no,yes,yes,yes,yes,yes,yes,yes,5.0,4,5,1,3,5,10,3.5,3.25,3.5,3.4166666666666665
2,GP,M,15,U,GT3,T,2,2,services,services,,father,1,4,0,no,yes,yes,yes,yes,yes,yes,no,5.0,5,4,1,2,5,6,5.0,4.5,4.75,4.75
3,GP,F,19,U,GT3,T,1,1,at_home,health,,other,1,3,2,no,no,no,no,no,yes,yes,yes,4.0,1,2,1,1,3,14,4.75,4.25,4.25,4.416666666666667
4,GP,F,17,U,GT3,T,1,1,other,other,,mother,1,2,0,no,yes,yes,no,no,yes,no,no,4.0,4,4,1,3,1,4,3.25,3.25,3.5,3.3333333333333335
5,GP,M,16,R,GT3,A,4,4,other,teacher,reputation,mother,2,3,0,no,yes,no,yes,yes,yes,yes,yes,2.0,4,3,1,1,5,7,4.75,5.0,4.75,4.833333333333333
6,GP,F,16,U,LE3,T,3,1,other,other,home,father,1,2,0,yes,yes,no,no,yes,yes,no,no,3.0,3,3,2,3,2,4,2.75,2.5,2.5,2.5833333333333335
7,GP,F,16,U,GT3,T,4,3,other,at_home,,mother,1,3,0,yes,yes,yes,no,yes,yes,yes,no,5.0,3,5,1,1,3,0,2.75,3.25,3.0,3.0
8,GP,M,17,R,LE3,T,1,2,other,other,,mother,1,1,0,no,no,no,no,yes,yes,no,no,2.0,2,2,3,3,5,8,5.0,4.0,4.25,4.416666666666667
9,GP,M,15,R,GT3,T,3,2,other,other,,mother,2,2,2,yes,yes,no,no,yes,yes,yes,yes,4.0,4,4,1,4,3,6,2.25,3.25,2.75,2.75
10,GP,M,16,R,GT3,T,4,4,teacher,teacher,,mother,1,1,0,no,no,yes,yes,yes,yes,yes,no,3.0,5,5,2,5,4,8,5.5,5.5,5.5,5.5
11,GP,F,19,U,GT3,T,3,3,other,services,,other,1,2,2,no,yes,yes,yes,yes,yes,yes,no,4.0,3,5,3,3,5,15,3.25,3.25,3.25,3.25
12,GP,M,17,U,LE3,A,3,2,teacher,services,,mother,1,1,1,no,no,no,no,yes,yes,yes,no,4.0,4,4,3,4,3,19,3.75,3.25,3.5,3.5
13,GP,M,16,U,LE3,T,2,2,other,other,,mother,2,2,0,no,yes,no,yes,yes,yes,yes,no,5.0,4,4,2,4,5,0,4.25,4.25,4.0,4.166666666666667
14,GP,M,15,R,GT3,T,4,4,other,other,,father,4,4,0,no,yes,yes,yes,yes,yes,yes,yes,1.0,3,5,3,5,1,6,3.5,4.25,4.25,4.0
15,GP,M,16,U,GT3,T,4,3,health,services,,mother,1,4,0,no,no,no,yes,yes,yes,yes,no,4.0,2,2,1,1,2,4,5.75,5.75,6.0,5.833333333333333
16,GP,M,17,U,GT3,T,3,3,other,services,,mother,1,1,0,no,no,no,yes,no,yes,yes,no,4.0,3,5,3,5,5,3,4.5,4.75,5.0,4.75
17,GP,F,18,U,GT3,T,2,3,other,services,,father,1,4,0,no,yes,yes,yes,yes,yes,yes,yes,4.0,5,5,1,3,2,4,4.75,4.5,4.5,4.583333333333333
18,GP,F,16,U,GT3,T,3,1,services,other,,mother,1,4,0,yes,yes,yes,no,yes,yes,yes,no,4.0,3,3,1,2,5,4,2.75,2.75,2.5,2.6666666666666665
19,MS,F,17,R,GT3,T,1,2,other,other,,mother,1,1,0,no,no,no,yes,yes,yes,yes,no,3.0,5,5,1,3,1,14,2.5,2.25,2.25,2.3333333333333335
20,GP,M,15,U,LE3,A,4,2,health,health,other,father,2,1,1,no,no,no,no,yes,yes,no,no,5.0,5,5,3,4,5,6,3.75,3.75,3.5,3.6666666666666665
21,GP,F,15,U,GT3,T,2,3,other,other,,father,2,1,0,no,yes,no,yes,yes,yes,no,no,3.0,5,1,1,1,5,0,3.0,2.75,2.5,2.75
22,GP,M,17,U,,T,1,3,at_home,services,,father,1,1,0,no,,no,no,yes,no,yes,no,,3,3,1,4,2,2,3.5,3.5,3.5,3.5
23,GP,F,16,U,GT3,T,2,2,other,other,,mother,1,2,0,no,yes,yes,no,no,yes,yes,no,5.0,1,5,1,1,4,0,2.5,2.75,1.0,2.0833333333333335
24,GP,M,16,U,GT3,T,2,2,other,other,,father,1,2,0,no,no,no,no,yes,no,yes,no,4.0,3,5,2,4,4,4,3.5,3.5,3.5,3.5
25,GP,F,17,U,LE3,T,2,2,services,other,,mother,2,2,0,yes,yes,yes,no,yes,yes,yes,yes,4.0,4,4,2,3,5,6,4.0,4.0,4.0,4.0
26,GP,F,17,U,GT3,T,2,4,at_home,health,,mother,2,2,0,no,yes,yes,no,yes,yes,yes,yes,4.0,3,3,1,1,1,2,3.5,3.5,3.5,3.5
27,GP,M,18,U,LE3,T,3,4,services,other,,mother,1,2,0,no,no,no,yes,yes,yes,yes,yes,4.0,3,3,1,3,5,11,5.0,4.75,4.75,4.833333333333333
28,GP,M,15,U,LE3,T,4,4,health,services,,father,1,1,0,no,yes,yes,yes,yes,yes,yes,no,4.0,3,3,1,3,5,2,4.5,4.5,4.5,4.5
29,GP,M,16,U,,A,3,4,services,other,home,mother,1,2,0,yes,,no,yes,yes,yes,yes,no,,3,3,1,1,5,4,3.75,3.75,3.75,3.75
30,GP,F,16,U,GT3,T,1,3,at_home,services,,mother,1,2,3,no,no,no,yes,no,yes,yes,yes,4.0,3,5,1,1,3,0,3.0,2.75,1.0,2.25
31,GP,F,17,U,GT3,A,2,1,other,other,,mother,2,3,0,no,no,no,yes,yes,yes,yes,yes,3.0,2,3,1,2,3,-1,4.0,3.5,4.0,3.8333333333333335
32,MS,M,18,U,LE3,T,4,4,teacher,services,,mother,2,3,0,no,no,yes,no,yes,yes,yes,yes,4.0,2,2,2,2,5,0,4.25,4.25,4.25,4.25
33,GP,F,15,U,,T,3,2,health,services,,father,1,2,3,no,,no,no,yes,yes,yes,no,,3,2,1,1,3,0,2.5,2.75,1.0,2.0833333333333335
34,GP,M,16,U,GT3,T,3,3,services,other,home,father,1,3,0,no,yes,no,yes,yes,yes,yes,no,5.0,3,3,1,1,5,2,5.0,5.5,5.5,5.333333333333333
35,GP,M,16,U,LE3,T,4,3,health,other,,father,1,1,0,no,no,yes,yes,yes,yes,yes,no,3.0,1,3,1,3,5,4,3.0,3.5,3.5,3.3333333333333335
36,MS,F,18,R,GT3,T,4,4,teacher,at_home,,mother,3,1,0,no,yes,yes,yes,yes,yes,yes,yes,4.0,4,3,2,2,5,7,2.5,2.25,2.5,2.4166666666666665
37,GP,F,15,U,GT3,T,1,1,other,other,,father,1,2,0,no,yes,no,yes,no,yes,yes,no,4.0,3,2,2,3,4,2,3.25,3.5,3.5,3.4166666666666665
38,GP,M,16,U,GT3,T,3,1,other,other,,father,2,4,0,no,yes,yes,no,yes,yes,yes,no,4.0,3,2,1,1,5,0,4.25,4.75,4.75,4.583333333333333
39,GP,F,17,U,GT3,T,2,3,at_home,other,,father,2,1,0,no,yes,yes,no,yes,yes,no,no,3.0,3,3,1,4,3,3,2.75,2.75,3.0,2.8333333333333335
40,GP,M,18,U,LE3,T,3,3,services,health,home,father,1,2,1,no,yes,yes,no,yes,yes,yes,no,3.0,2,4,2,4,4,13,2.5,2.5,3.0,2.6666666666666665
41,GP,F,17,U,LE3,T,4,2,teacher,services,,mother,1,4,0,no,yes,yes,yes,yes,yes,yes,no,4.0,2,3,1,1,4,6,4.5,4.0,4.25,4.25
42,GP,F,18,U,GT3,T,4,3,other,other,,mother,1,3,0,no,yes,yes,yes,yes,yes,yes,yes,4.0,3,4,1,1,5,9,3.25,3.5,3.25,3.3333333333333335
43,GP,M,18,U,LE3,T,1,1,other,other,,mother,1,1,3,no,no,no,no,yes,no,yes,yes,2.0,3,5,2,5,4,0,2.5,2.25,1.0,1.9166666666666667
44,GP,F,18,R,GT3,T,1,1,at_home,other,,mother,3,1,3,no,yes,no,yes,no,yes,no,no,5.0,2,5,1,5,4,6,3.25,3.0,3.5,3.25
45,MS,F,18,U,LE3,T,1,1,at_home,services,,father,2,3,0,no,no,no,no,yes,yes,yes,no,5.0,3,2,1,1,4,0,5.5,5.0,5.0,5.166666666666667
46,GP,M,15,U,GT3,T,4,2,health,services,other,mother,1,1,0,no,no,yes,no,yes,yes,yes,no,2.0,2,4,2,4,1,4,4.75,5.0,4.75,4.833333333333333
47,GP,M,18,U,GT3,T,4,4,teacher,services,home,father,1,2,1,no,yes,no,yes,yes,yes,yes,no,4.0,3,3,2,2,2,-1,3.5,3.5,1.0,2.6666666666666665
48,GP,F,16,U,LE3,T,3,3,other,other,,mother,2,2,0,no,yes,yes,yes,yes,yes,yes,no,4.0,4,5,1,1,4,4,3.5,3.75,3.25,3.5
49,GP,F,17,U,LE3,T,3,2,other,other,,mother,2,2,0,no,no,yes,no,yes,yes,yes,no,4.0,4,4,1,3,1,2,4.5,4.75,4.75,4.666666666666667
50,GP,F,16,R,GT3,T,4,4,health,teacher,,mother,1,2,0,no,yes,no,yes,yes,yes,no,no,2.0,4,4,2,3,4,6,3.5,3.75,3.75,3.6666666666666665
51,GP,F,16,U,LE3,T,2,2,other,at_home,,father,2,2,1,yes,no,no,yes,yes,yes,yes,no,4.0,3,3,2,2,5,14,3.5,3.5,3.25,3.4166666666666665
52,GP,M,16,R,GT3,T,2,1,other,other,,mother,2,1,0,no,no,no,yes,no,yes,no,no,3.0,3,2,1,3,3,0,3.0,3.25,3.0,3.0833333333333335
53,GP,M,16,U,GT3,T,2,2,services,other,,father,2,2,1,no,no,yes,yes,no,yes,yes,no,4.0,4,2,1,1,3,12,3.75,3.5,3.5,3.5833333333333335
54,MS,F,17,R,GT3,T,3,1,at_home,other,,mother,1,2,0,no,yes,yes,yes,no,yes,yes,no,4.0,5,4,2,3,1,17,3.5,3.5,3.5,3.5
55,GP,F,15,U,LE3,T,4,2,health,other,other,mother,1,2,0,no,yes,yes,no,yes,yes,yes,no,4.0,3,3,1,1,5,2,3.75,4.25,4.25,4.083333333333333
56,GP,F,16,R,GT3,T,3,3,services,other,,father,1,3,1,yes,yes,no,yes,yes,yes,yes,no,4.0,1,2,1,1,2,-1,2.75,3.5,3.5,3.25
57,GP,F,17,U,LE3,T,2,4,services,services,,father,1,2,0,no,no,no,yes,yes,yes,yes,yes,4.0,3,2,1,1,5,0,4.5,4.75,4.75,4.666666666666667
58,GP,M,17,R,GT3,T,1,2,at_home,other,home,mother,1,2,0,no,no,no,no,yes,yes,no,no,3.0,1,3,1,5,3,4,3.0,3.25,3.5,3.25
59,GP,M,16,U,LE3,T,2,2,services,services,,father,2,1,2,no,yes,no,yes,yes,yes,yes,no,2.0,3,3,2,2,2,8,3.25,3.25,3.25,3.25
60,GP,M,17,U,GT3,T,2,3,other,other,,father,2,1,0,no,no,no,no,yes,yes,yes,no,5.0,2,2,1,1,2,4,4.0,4.0,4.25,4.083333333333333
61,GP,M,17,R,LE3,T,2,1,at_home,other,,mother,2,1,2,no,no,no,yes,yes,no,yes,yes,3.0,3,2,2,2,5,0,2.75,2.5,1.0,2.0833333333333335
62,GP,M,16,U,GT3,T,3,3,other,services,,father,1,2,1,no,yes,yes,no,yes,yes,yes,yes,4.0,5,5,4,4,5,4,3.5,4.0,4.0,3.8333333333333335
63,GP,F,17,U,GT3,T,1,1,at_home,other,,mother,1,3,1,no,yes,no,yes,yes,yes,no,yes,4.0,3,4,1,1,5,0,2.5,2.25,1.0,1.9166666666666667
64,GP,F,16,U,GT3,A,3,4,services,other,course,father,1,1,0,no,no,no,no,yes,yes,yes,no,3.0,2,1,1,4,5,16,4.0,3.75,3.75,3.8333333333333335
65,GP,M,15,U,GT3,T,4,3,teacher,other,reputation,mother,1,2,0,no,no,no,no,yes,yes,yes,no,4.0,4,1,1,1,1,0,4.25,4.5,4.75,4.5
66,GP,M,17,R,GT3,T,1,3,other,other,,father,3,2,1,no,yes,no,yes,yes,yes,yes,no,5.0,2,4,1,4,5,20,3.25,2.75,3.0,3.0
67,MS,M,18,U,GT3,T,4,4,teacher,teacher,,father,1,2,0,no,no,yes,yes,no,yes,yes,no,3.0,2,4,1,4,2,4,4.75,4.5,4.5,4.583333333333333
68,GP,F,18,U,GT3,T,2,4,services,at_home,,other,1,2,1,no,yes,yes,yes,yes,yes,yes,no,4.0,4,3,1,1,3,8,4.5,4.0,4.0,4.166666666666667
69,GP,F,18,U,GT3,T,2,3,at_home,other,,mother,1,3,0,no,yes,no,no,yes,yes,yes,no,4.0,3,3,1,2,3,4,3.75,3.5,3.5,3.5833333333333335
70,GP,M,16,U,LE3,T,2,1,other,other,,mother,1,2,0,no,no,yes,yes,yes,yes,yes,yes,4.0,2,3,1,2,5,0,4.75,4.75,4.75,4.75
71,GP,F,16,U,GT3,T,2,3,services,services,,mother,1,2,0,no,no,no,no,yes,yes,yes,no,4.0,3,3,1,1,2,10,3.75,4.0,4.25,4.0
72,GP,M,16,U,LE3,T,4,3,services,other,,mother,1,2,0,no,yes,yes,yes,yes,yes,yes,no,5.0,4,2,1,2,5,10,4.75,4.75,4.75,4.75
73,MS,M,18,R,GT3,T,2,1,other,other,,mother,2,1,0,no,no,no,yes,no,yes,yes,yes,4.0,4,3,1,3,5,5,2.75,2.5,2.75,2.6666666666666665
74,GP,M,18,U,GT3,T,3,2,services,other,course,mother,2,1,1,no,no,no,no,yes,no,yes,no,4.0,4,5,2,4,5,0,2.5,3.0,3.0,2.8333333333333335
75,GP,M,16,U,GT3,T,2,1,other,other,,mother,3,1,0,no,no,no,no,yes,yes,yes,no,4.0,3,3,1,1,4,6,5.5,5.5,5.5,5.5
76,GP,M,16,U,GT3,T,1,0,other,other,,mother,2,2,0,no,yes,yes,yes,yes,yes,yes,yes,4.0,3,2,1,1,3,2,4.25,4.75,5.0,4.666666666666667
77,MS,F,17,U,LE3,T,4,4,at_home,at_home,,mother,1,2,0,no,yes,yes,yes,yes,yes,yes,yes,2.0,3,4,1,1,1,0,5.0,4.75,4.75,4.833333333333333
78,GP,M,15,U,LE3,A,3,2,services,other,home,mother,1,2,0,no,yes,yes,no,yes,yes,yes,no,4.0,2,2,1,1,1,0,5.0,5.5,5.75,5.416666666666667
79,GP,F,19,R,GT3,A,3,1,services,at_home,home,other,1,3,1,no,no,yes,no,yes,yes,no,no,5.0,4,3,1,2,5,12,4.5,4.25,4.25,4.333333333333333
80,GP,F,17,U,,T,2,2,other,other,,father,1,1,0,no,,no,no,yes,yes,yes,yes,,4,4,1,3,5,12,3.5,4.25,4.0,3.9166666666666665
81,GP,M,16,U,GT3,T,4,4,teacher,teacher,,father,1,2,0,no,yes,no,yes,yes,yes,yes,no,5.0,4,4,1,2,5,-1,4.75,4.75,5.0,4.833333333333333
82,GP,F,16,U,GT3,T,2,2,at_home,other,,mother,1,2,1,yes,no,no,yes,yes,yes,yes,no,3.0,1,2,1,1,5,6,3.5,4.25,4.25,4.0
83,GP,M,17,U,LE3,T,2,3,services,services,,father,1,2,0,no,yes,yes,no,no,yes,yes,no,5.0,3,3,1,3,3,2,4.0,3.75,4.0,3.9166666666666665
84,GP,M,15,U,LE3,T,2,2,services,health,reputation,mother,1,4,0,no,yes,no,yes,yes,yes,yes,no,4.0,3,4,1,1,4,6,3.75,4.25,4.5,4.166666666666667
85,GP,F,15,U,LE3,T,4,3,services,services,,father,1,2,0,yes,no,no,yes,yes,yes,yes,yes,4.0,4,4,2,4,2,0,3.5,3.5,3.5,3.5
86,GP,F,19,U,LE3,T,1,1,at_home,other,,other,1,2,1,yes,yes,no,yes,no,yes,yes,no,4.0,4,3,1,3,3,18,4.0,3.5,3.5,3.6666666666666665
87,GP,M,18,U,GT3,T,2,2,services,other,,mother,1,2,1,no,yes,yes,yes,yes,yes,yes,no,4.0,4,4,2,4,5,15,2.5,2.75,3.0,2.75
88,MS,F,17,U,GT3,T,2,2,other,at_home,,mother,1,3,0,no,no,no,yes,yes,yes,no,yes,3.0,4,3,1,1,3,8,4.25,3.75,3.75,3.9166666666666665
89,GP,M,16,U,GT3,T,2,3,other,other,,father,2,1,0,no,no,no,no,yes,yes,yes,no,5.0,3,3,1,1,3,0,4.25,4.5,4.5,4.416666666666667
90,GP,M,17,U,GT3,T,3,3,services,services,,mother,1,2,0,no,yes,no,yes,yes,yes,yes,yes,4.0,3,4,2,3,4,12,4.0,4.0,3.75,3.9166666666666665
91,GP,F,15,U,GT3,T,4,2,other,other,,mother,1,3,0,no,yes,no,yes,yes,yes,yes,no,5.0,3,3,1,3,1,4,4.25,4.5,4.5,4.416666666666667
92,GP,M,16,U,GT3,T,4,3,teacher,other,,mother,1,2,0,no,yes,yes,yes,yes,yes,yes,no,3.0,4,3,2,3,3,10,3.25,3.0,3.0,3.0833333333333335
93,GP,M,15,U,GT3,T,2,2,other,other,,mother,1,1,0,no,yes,yes,no,yes,yes,yes,no,4.0,2,2,1,2,5,2,4.0,4.0,3.75,3.9166666666666665
94,MS,M,19,R,GT3,T,1,1,other,services,,other,3,2,3,no,no,no,no,yes,yes,yes,no,5.0,4,4,3,3,2,8,3.0,2.75,3.0,2.9166666666666665
95,GP,M,15,U,,A,3,4,services,other,,mother,1,2,0,no,,yes,yes,yes,yes,yes,no,,4,4,1,1,1,0,5.0,5.5,5.5,5.333333333333333
96,MS,F,18,U,GT3,T,1,1,other,other,,mother,2,2,1,no,no,no,yes,yes,yes,no,no,1.0,1,1,1,1,5,0,2.5,2.25,1.0,1.9166666666666667
97,GP,F,17,U,LE3,T,4,3,health,other,,father,1,2,0,no,no,no,yes,yes,yes,yes,yes,3.0,2,3,1,2,3,14,4.25,4.25,4.5,4.333333333333333
98,GP,F,15,R,GT3,T,3,4,services,teacher,,father,2,3,2,no,yes,no,no,yes,yes,yes,yes,4.0,2,2,2,2,5,0,4.0,1.0,1.0,2.0
99,GP,F,17,U,GT3,T,3,4,services,other,,mother,1,3,0,no,no,no,no,yes,yes,yes,no,4.0,4,5,1,3,5,16,5.0,4.75,4.75,4.833333333333333
100,GP,M,18,R,GT3,T,2,2,services,other,,mother,1,1,2,no,yes,no,yes,yes,yes,yes,no,3.0,3,3,1,2,4,0,2.75,2.0,1.0,1.9166666666666667
101,GP,M,15,U,LE3,T,4,3,teacher,services,,mother,1,3,0,no,yes,no,yes,yes,yes,yes,no,5.0,4,3,1,1,4,2,4.75,5.0,5.5,5.083333333333333
102,GP,M,18,R,GT3,T,4,3,teacher,services,,mother,1,3,0,no,no,no,no,yes,yes,yes,yes,5.0,3,2,1,2,4,9,5.0,4.75,5.0,4.916666666666667
103,GP,F,15,U,GT3,T,4,2,health,services,,mother,1,3,0,no,yes,yes,yes,yes,yes,yes,yes,3.0,2,2,1,1,5,2,4.75,4.5,4.75,4.666666666666667
104,GP,M,18,R,GT3,T,3,2,other,other,,mother,1,3,0,no,no,no,yes,no,yes,no,no,5.0,3,2,1,1,3,1,4.25,4.0,4.0,4.083333333333333
105,GP,M,15,U,LE3,T,2,2,services,services,,mother,2,2,0,no,no,yes,yes,yes,yes,yes,no,5.0,3,3,1,3,4,4,4.75,4.75,4.75,4.75
106,GP,M,18,U,GT3,T,2,1,services,services,,mother,1,1,1,no,no,no,no,no,no,yes,no,3.0,2,5,2,5,5,4,2.5,3.25,3.0,2.9166666666666665
107,GP,M,15,U,LE3,A,4,4,teacher,teacher,,mother,1,1,0,no,no,no,yes,yes,yes,yes,no,5.0,5,3,1,1,4,6,5.5,5.75,5.75,5.666666666666667
108,GP,F,17,U,GT3,T,1,1,services,teacher,,mother,1,3,0,no,yes,yes,no,yes,yes,yes,no,4.0,3,3,1,1,3,6,4.25,4.0,4.0,4.083333333333333
109,GP,M,16,U,GT3,T,4,4,health,other,reputation,father,1,2,0,no,yes,yes,yes,yes,yes,yes,no,4.0,2,4,2,4,1,2,4.5,4.25,4.25,4.333333333333333
110,GP,F,16,U,LE3,T,2,2,at_home,other,,mother,1,2,0,no,yes,no,no,yes,yes,no,no,4.0,3,4,1,2,2,4,3.0,2.75,2.5,2.75
111,GP,M,15,U,GT3,T,4,2,other,other,,mother,1,4,0,no,no,no,no,yes,yes,yes,no,3.0,3,3,1,1,3,0,3.5,3.5,3.5,3.5
112,GP,F,18,U,LE3,T,3,3,services,services,,mother,1,4,0,no,yes,no,no,yes,yes,yes,no,5.0,3,3,1,1,1,7,5.0,4.75,5.25,5.0
113,GP,M,18,U,GT3,T,2,2,other,services,,father,1,2,1,no,no,no,no,yes,no,yes,no,5.0,5,4,3,5,2,0,2.75,2.75,1.0,2.1666666666666665
114,GP,F,16,U,GT3,T,4,2,teacher,services,,mother,2,2,0,no,yes,yes,yes,yes,yes,yes,no,5.0,3,3,1,1,1,0,3.75,3.5,3.5,3.5833333333333335
115,GP,F,17,U,GT3,T,4,3,other,other,reputation,mother,1,2,2,no,no,yes,no,yes,yes,yes,yes,3.0,4,5,2,4,1,22,2.5,2.5,2.0,2.3333333333333335
116,MS,F,19,U,LE3,T,3,2,services,services,,other,2,2,2,no,no,no,yes,yes,yes,no,yes,3.0,2,2,1,1,3,4,2.75,2.75,3.25,2.9166666666666665
117,GP,M,16,U,GT3,T,3,3,services,other,,mother,1,2,0,no,no,yes,yes,yes,yes,yes,yes,4.0,2,3,1,2,3,2,4.0,4.25,4.0,4.083333333333333
118,GP,M,22,U,GT3,T,3,1,services,services,,mother,1,1,3,no,no,no,no,no,no,yes,yes,5.0,4,5,5,5,1,16,2.5,3.0,3.0,2.8333333333333335
119,GP,F,16,U,,T,1,1,at_home,other,,mother,2,1,0,no,,yes,no,yes,yes,no,no,,3,2,1,4,5,6,3.25,3.25,3.5,3.3333333333333335
120,GP,F,15,U,GT3,T,2,1,services,other,,father,3,3,0,no,yes,no,yes,yes,yes,yes,no,5.0,2,2,1,1,4,4,3.5,4.0,4.0,3.8333333333333335
121,GP,M,17,U,GT3,T,3,3,health,other,,mother,1,1,0,no,yes,yes,no,yes,yes,yes,no,4.0,4,3,1,3,5,4,4.5,4.0,3.75,4.083333333333333
122,GP,F,18,R,LE3,T,1,1,at_home,other,,mother,2,4,0,no,yes,yes,yes,yes,yes,no,no,5.0,2,2,1,1,3,1,4.0,4.0,4.0,4.0
123,GP,F,15,U,GT3,A,3,3,other,health,,father,1,4,0,yes,no,no,no,yes,yes,no,no,4.0,3,3,1,1,4,10,3.5,3.75,3.75,3.6666666666666665
124,GP,F,17,U,,T,1,1,at_home,services,,mother,1,2,0,no,,no,yes,yes,yes,yes,no,,3,3,1,1,3,0,3.0,3.0,3.25,3.0833333333333335
125,GP,F,15,U,GT3,T,4,4,teacher,services,course,mother,1,3,0,no,yes,yes,yes,yes,yes,yes,no,4.0,2,2,1,1,5,2,3.25,3.75,3.75,3.5833333333333335
126,GP,F,15,U,GT3,T,1,1,other,services,,father,1,2,0,no,yes,yes,no,yes,yes,yes,no,4.0,4,2,1,2,5,0,3.0,3.75,3.75,3.5
127,GP,M,16,U,GT3,T,1,2,services,services,,mother,1,1,0,no,yes,yes,yes,yes,yes,yes,yes,3.0,3,3,1,2,3,2,3.75,4.0,3.75,3.8333333333333335
128,GP,M,15,U,,T,4,3,teacher,other,,mother,1,2,0,no,,yes,yes,yes,yes,yes,no,,3,3,2,3,5,6,3.25,3.25,3.5,3.3333333333333335
129,GP,M,18,U,GT3,T,4,4,other,other,,mother,1,3,0,no,no,no,yes,yes,yes,yes,no,4.0,3,3,2,2,3,3,3.25,4.0,3.75,3.6666666666666665
130,GP,M,18,U,GT3,T,4,3,teacher,other,,mother,1,2,0,no,yes,yes,no,no,yes,yes,no,4.0,3,2,1,1,3,2,3.0,3.0,3.0,3.0
131,GP,F,15,R,GT3,T,3,4,services,health,,mother,1,3,0,yes,yes,yes,yes,yes,yes,yes,no,4.0,3,2,1,1,5,-1,4.0,4.0,3.75,3.9166666666666665
132,GP,F,18,U,GT3,T,4,4,health,health,,father,1,2,1,yes,yes,no,yes,yes,yes,yes,yes,2.0,4,4,1,1,4,15,3.25,3.0,3.0,3.0833333333333335
133,GP,F,16,U,LE3,T,4,3,teacher,services,,mother,3,2,0,no,yes,no,yes,yes,yes,yes,no,5.0,4,3,1,2,1,2,5.0,4.75,4.75,4.833333333333333
134,GP,M,16,U,GT3,T,3,4,other,other,,father,3,1,2,no,yes,no,yes,no,yes,yes,no,3.0,4,5,2,4,2,-1,2.5,2.25,1.0,1.9166666666666667
135,GP,M,16,U,GT3,T,4,4,teacher,teacher,,mother,1,2,0,no,yes,yes,yes,yes,yes,yes,yes,4.0,4,5,5,5,5,16,3.5,4.0,3.75,3.75
136,GP,F,17,U,LE3,T,3,3,other,other,,mother,1,2,0,no,yes,no,yes,yes,yes,yes,yes,5.0,3,3,2,3,1,56,3.25,3.25,3.0,3.1666666666666665
137,GP,F,18,U,LE3,T,2,1,services,at_home,,mother,1,2,1,no,no,no,no,yes,yes,yes,yes,5.0,4,3,1,1,5,12,4.0,4.0,4.25,4.083333333333333
138,GP,M,17,U,GT3,T,3,2,services,services,course,mother,1,1,3,no,yes,no,yes,yes,yes,yes,no,5.0,5,5,2,4,5,16,2.5,2.25,2.25,2.3333333333333335
139,GP,M,16,U,GT3,T,4,4,health,other,,mother,1,1,0,no,yes,no,yes,yes,yes,yes,no,3.0,4,4,1,4,5,18,4.5,3.75,4.25,4.166666666666667
140,GP,M,16,R,GT3,T,4,2,teacher,services,,mother,1,1,0,no,yes,no,yes,yes,yes,yes,yes,4.0,3,3,3,4,3,10,3.5,3.0,3.25,3.25
141,GP,F,15,U,GT3,T,4,4,teacher,teacher,,mother,2,1,0,no,no,no,yes,yes,yes,yes,no,4.0,3,2,1,1,5,0,5.0,5.0,4.75,4.916666666666667
142,GP,F,18,R,GT3,T,2,1,other,other,,mother,2,2,0,no,yes,no,no,yes,no,yes,yes,4.0,3,5,1,2,3,0,2.5,1.0,1.0,1.5
143,GP,M,18,U,,T,2,1,services,services,,mother,1,3,0,no,,yes,yes,yes,yes,yes,no,,2,4,1,3,2,6,4.75,4.5,4.5,4.583333333333333
144,MS,F,17,R,GT3,T,1,2,other,services,,father,2,2,0,no,no,no,no,no,yes,no,no,3.0,2,2,1,2,3,0,4.0,3.75,4.0,3.9166666666666665
145,MS,F,18,R,GT3,T,2,2,at_home,other,,mother,2,3,0,no,no,yes,no,yes,yes,no,no,5.0,3,3,1,3,4,2,3.5,3.25,3.5,3.4166666666666665
146,GP,M,17,R,LE3,T,1,1,other,services,,mother,4,2,3,no,no,no,yes,yes,no,no,yes,5.0,3,5,1,5,5,0,2.25,3.0,2.75,2.6666666666666665
147,GP,F,19,U,GT3,T,4,4,health,other,,other,2,2,0,no,yes,yes,yes,yes,yes,yes,no,2.0,3,4,2,3,2,0,3.5,3.25,1.0,2.5833333333333335
148,GP,F,17,U,GT3,T,4,4,teacher,teacher,,mother,2,3,0,no,yes,yes,no,no,yes,yes,yes,4.0,3,3,1,2,4,4,4.5,4.5,4.5,4.5
149,GP,F,16,U,GT3,T,4,4,health,health,,mother,1,2,0,no,yes,yes,no,yes,yes,yes,yes,4.0,4,2,1,1,3,0,4.5,4.5,4.5,4.5
150,GP,M,15,U,GT3,T,3,4,other,other,,father,1,1,0,no,no,no,no,yes,yes,yes,no,3.0,4,3,1,2,4,6,4.5,4.25,4.25,4.333333333333333
151,GP,M,16,U,,T,2,1,at_home,other,,mother,1,1,1,no,,no,yes,yes,yes,no,yes,,4,4,3,5,5,6,4.0,4.25,4.5,4.25
152,GP,M,16,R,LE3,T,3,3,teacher,other,,father,3,1,0,no,yes,yes,yes,yes,yes,yes,no,3.0,3,4,3,5,3,8,3.25,3.25,3.5,3.3333333333333335
153,GP,M,16,U,GT3,T,4,4,teacher,teacher,,mother,1,1,0,no,yes,no,no,yes,no,yes,yes,3.0,3,2,2,1,5,0,2.75,2.5,1.0,2.0833333333333335
154,GP,F,18,U,LE3,T,4,3,other,other,,other,2,2,0,no,yes,yes,no,yes,yes,yes,yes,4.0,4,5,1,2,2,10,3.5,3.0,3.0,3.1666666666666665
155,GP,F,19,R,GT3,T,2,3,other,other,,other,1,3,1,no,no,no,no,yes,yes,yes,yes,4.0,1,2,1,1,3,40,4.25,3.75,3.75,3.9166666666666665
156,GP,F,16,U,GT3,T,4,4,other,other,,mother,1,1,0,no,no,no,yes,no,yes,yes,no,5.0,3,4,1,2,1,6,3.75,4.5,4.5,4.25
157,GP,M,17,U,LE3,T,1,1,health,other,,mother,2,1,1,no,yes,no,yes,yes,yes,yes,no,4.0,4,4,1,2,5,2,2.75,3.25,3.0,3.0
158,GP,F,17,R,GT3,T,2,1,at_home,services,course,mother,3,2,0,no,no,no,yes,yes,yes,no,no,2.0,1,1,1,1,3,2,4.25,3.75,3.75,3.9166666666666665
159,GP,F,15,U,GT3,T,4,4,teacher,health,,mother,1,2,0,no,yes,yes,no,yes,yes,yes,no,3.0,3,3,1,2,2,0,3.5,3.0,3.25,3.25
160,GP,M,17,U,LE3,T,4,3,health,other,,mother,2,2,0,no,no,no,yes,yes,yes,yes,yes,2.0,5,5,1,4,5,14,4.0,4.0,4.0,4.0
161,GP,F,15,U,GT3,T,1,2,at_home,other,,mother,1,2,0,no,yes,yes,no,no,yes,yes,no,4.0,3,2,1,1,5,2,3.5,3.75,3.75,3.6666666666666665
162,GP,F,16,U,GT3,T,4,4,services,services,,mother,1,3,0,no,yes,yes,yes,yes,yes,yes,no,3.0,2,3,1,2,2,6,4.25,4.5,4.5,4.416666666666667
163,MS,F,18,R,LE3,A,1,4,at_home,other,,mother,3,2,0,no,no,no,no,yes,yes,no,yes,4.0,3,4,1,4,5,0,4.25,4.25,4.25,4.25
164,GP,M,17,U,GT3,T,1,1,other,other,,father,1,2,0,no,no,yes,no,no,yes,yes,no,4.0,3,3,1,2,4,2,4.0,3.5,3.75,3.75
165,GP,M,15,U,GT3,T,4,4,services,services,,mother,2,2,0,no,yes,no,yes,yes,yes,yes,no,4.0,3,1,1,1,5,0,5.25,5.0,5.25,5.166666666666667
166,GP,F,18,U,GT3,T,2,2,at_home,services,,mother,1,3,0,no,yes,yes,yes,yes,yes,yes,yes,4.0,3,3,1,1,3,0,3.25,3.5,1.0,2.5833333333333335
167,GP,M,16,U,GT3,T,3,2,at_home,other,reputation,mother,2,3,0,no,no,no,yes,yes,yes,yes,yes,5.0,3,3,1,3,2,10,3.75,3.25,3.5,3.5
168,MS,M,17,R,GT3,T,4,3,services,other,home,mother,2,2,0,no,yes,yes,yes,no,yes,yes,yes,4.0,5,5,1,3,2,4,4.25,3.75,3.75,3.9166666666666665
169,GP,M,18,U,GT3,T,4,3,teacher,other,course,mother,1,3,0,no,yes,yes,no,yes,yes,yes,yes,5.0,4,5,2,3,5,0,3.5,3.5,3.25,3.4166666666666665
170,GP,F,15,R,GT3,T,3,3,services,services,,other,2,3,2,no,yes,yes,yes,yes,yes,yes,yes,4.0,2,1,2,3,3,8,3.5,3.5,3.5,3.5
171,GP,F,18,U,GT3,T,3,3,services,services,,mother,1,2,0,no,no,no,yes,yes,yes,yes,no,5.0,3,4,1,1,4,0,2.75,1.0,1.0,1.5833333333333333
172,GP,M,18,U,LE3,T,4,4,teacher,teacher,home,mother,1,1,0,no,yes,yes,no,yes,yes,yes,yes,1.0,4,2,2,2,1,5,5.0,4.75,5.0,4.916666666666667
173,GP,F,15,U,,T,4,3,services,other,,mother,1,1,0,no,,yes,yes,yes,yes,yes,no,,5,5,1,3,1,4,5.0,5.25,5.5,5.25
174,GP,M,16,U,LE3,T,1,1,services,other,,mother,1,2,1,no,no,no,no,yes,yes,no,yes,4.0,4,4,1,3,5,0,4.5,4.0,4.0,4.166666666666667
175,GP,M,15,U,GT3,T,4,2,teacher,other,,mother,1,2,0,no,yes,yes,no,yes,yes,no,no,4.0,3,3,2,2,5,-1,4.75,4.75,4.5,4.666666666666667
176,GP,M,17,U,LE3,T,4,3,teacher,other,,mother,2,2,0,no,no,yes,yes,yes,yes,yes,no,4.0,4,4,4,4,4,4,3.5,3.25,3.25,3.3333333333333335
177,GP,F,15,U,GT3,T,4,4,services,services,,father,2,2,2,no,no,yes,no,yes,yes,yes,yes,4.0,4,4,2,3,5,6,2.75,3.25,3.0,3.0
178,MS,F,20,U,GT3,T,4,2,health,other,,other,2,3,2,no,yes,yes,no,no,yes,yes,yes,5.0,4,3,1,1,3,4,4.75,4.5,4.75,4.666666666666667
179,GP,F,16,U,LE3,T,4,4,teacher,teacher,,mother,1,2,0,no,yes,yes,no,yes,yes,yes,no,4.0,5,2,1,2,3,0,3.25,3.25,3.5,3.3333333333333335
180,GP,F,16,U,LE3,T,2,4,other,health,,father,2,2,0,no,yes,yes,yes,yes,yes,yes,yes,4.0,2,2,1,2,5,2,4.25,4.25,4.25,4.25
181,GP,F,18,U,GT3,T,1,1,other,other,,mother,2,2,0,yes,no,no,yes,yes,yes,yes,no,5.0,4,4,1,1,4,4,3.0,3.25,3.5,3.25
182,GP,F,15,U,LE3,T,3,2,services,other,,mother,1,2,0,no,yes,yes,no,yes,yes,yes,no,4.0,4,4,1,1,5,10,2.75,2.5,2.5,2.5833333333333335
183,GP,M,19,U,LE3,A,4,3,services,at_home,,mother,1,2,0,no,yes,no,no,yes,yes,yes,no,4.0,3,1,1,1,1,12,3.75,3.75,3.75,3.75
184,GP,M,18,U,GT3,T,4,2,teacher,other,,mother,1,2,0,no,yes,yes,yes,yes,yes,yes,yes,4.0,3,2,1,4,5,11,4.0,3.75,3.75,3.8333333333333335
185,GP,M,17,R,GT3,T,2,1,other,other,,mother,1,1,0,no,no,no,no,no,yes,yes,no,4.0,4,2,2,4,5,0,3.0,4.0,4.0,3.6666666666666665
186,GP,F,16,U,GT3,A,2,2,other,other,,mother,1,2,0,yes,yes,yes,no,yes,yes,yes,no,3.0,3,4,1,1,4,0,4.0,4.25,4.5,4.25
187,GP,F,16,U,LE3,T,4,4,health,health,,mother,1,3,0,no,yes,yes,yes,yes,yes,yes,yes,5.0,4,5,1,1,4,4,4.5,4.75,5.0,4.75
188,GP,F,16,U,LE3,T,1,2,other,services,,father,1,2,0,yes,no,no,yes,yes,yes,yes,no,4.0,4,3,1,1,1,4,3.0,3.5,3.25,3.25
189,GP,F,16,U,GT3,T,4,2,services,other,,mother,1,2,0,no,yes,no,no,yes,yes,yes,no,4.0,2,3,1,1,5,2,4.75,5.0,5.0,4.916666666666667
190,GP,F,17,R,GT3,T,3,4,at_home,services,,father,1,3,0,no,yes,yes,yes,no,yes,yes,no,4.0,3,4,2,5,5,0,3.75,3.75,3.5,3.6666666666666665
191,GP,M,15,U,GT3,T,4,4,services,other,,mother,1,1,0,no,yes,no,yes,no,yes,yes,no,5.0,3,3,1,1,5,4,3.5,4.25,4.5,4.083333333333333
192,GP,F,18,R,GT3,T,3,1,other,other,,mother,1,2,1,no,no,no,yes,yes,yes,yes,yes,5.0,3,3,1,1,4,-1,3.25,3.0,2.75,3.0
193,GP,F,17,U,GT3,T,2,2,at_home,at_home,,mother,1,3,0,no,yes,yes,yes,yes,yes,yes,no,4.0,3,3,1,1,4,4,3.25,3.5,3.5,3.4166666666666665
194,GP,M,17,U,GT3,T,4,4,services,teacher,,mother,1,1,0,no,no,no,no,yes,yes,yes,no,5.0,2,3,1,2,5,4,5.25,4.75,5.0,5.0
195,GP,M,15,U,LE3,T,1,2,other,at_home,,father,1,2,0,yes,yes,no,yes,yes,yes,yes,no,4.0,3,2,1,1,5,2,3.25,3.5,3.25,3.3333333333333335
196,GP,M,19,U,GT3,T,1,2,other,services,,other,1,2,1,no,no,no,no,no,yes,yes,no,4.0,5,2,2,2,4,3,4.25,3.75,3.75,3.9166666666666665
197,GP,F,15,U,,T,4,4,services,teacher,,father,1,2,1,yes,,no,yes,no,yes,yes,no,,4,4,1,1,3,2,2.75,2.75,2.75,2.75
198,GP,F,16,U,GT3,T,1,1,services,services,,father,4,1,0,yes,yes,no,yes,no,yes,yes,yes,5.0,5,5,5,5,5,6,3.5,3.0,3.75,3.4166666666666665
199,GP,F,17,U,GT3,T,4,2,other,other,,mother,2,3,0,no,yes,yes,no,yes,yes,yes,no,4.0,3,3,1,1,3,0,4.75,4.0,4.5,4.416666666666667
200,GP,F,16,U,GT3,T,3,3,other,other,,mother,3,2,0,yes,yes,no,yes,yes,yes,no,no,5.0,3,2,1,1,4,4,3.0,3.5,3.5,3.3333333333333335
201,GP,F,17,R,LE3,T,4,4,services,other,,mother,1,1,0,no,yes,yes,no,yes,yes,no,no,5.0,2,1,1,2,3,12,3.0,3.5,3.5,3.3333333333333335
202,MS,F,18,R,LE3,T,4,4,other,other,,mother,2,3,0,no,no,no,no,yes,yes,yes,no,5.0,4,4,1,1,1,0,5.75,5.5,5.75,5.666666666666667
203,MS,F,18,U,LE3,T,3,1,teacher,services,course,mother,1,2,0,no,yes,yes,no,yes,yes,yes,no,4.0,3,4,1,1,1,0,2.75,3.25,3.0,3.0
204,GP,M,16,R,GT3,T,3,3,services,services,,mother,1,1,0,no,yes,no,yes,yes,yes,yes,no,4.0,3,2,3,4,5,8,3.0,3.25,3.5,3.25
205,GP,F,15,U,GT3,T,4,4,services,at_home,,mother,1,3,0,no,yes,no,yes,yes,yes,yes,yes,4.0,3,3,1,1,5,0,3.75,1.0,1.0,1.9166666666666667
206,GP,F,18,U,GT3,T,2,2,at_home,at_home,,mother,1,3,0,no,yes,yes,no,yes,yes,yes,no,4.0,3,3,1,2,2,5,5.5,5.5,5.75,5.583333333333333
207,GP,M,17,U,GT3,T,3,3,other,other,,father,1,2,0,no,no,no,yes,no,yes,yes,no,4.0,3,4,1,4,4,4,2.5,2.25,2.5,2.4166666666666665
208,GP,F,18,U,LE3,A,4,4,health,other,,mother,1,2,0,no,yes,no,no,yes,yes,yes,yes,4.0,2,4,1,1,4,14,4.0,3.5,3.75,3.75
209,MS,M,18,U,LE3,T,1,1,other,services,,father,2,1,0,no,no,no,no,no,yes,yes,yes,3.0,3,2,1,2,3,4,3.5,3.5,3.5,3.5
210,GP,F,15,U,LE3,A,4,3,other,other,,mother,1,2,0,yes,yes,yes,yes,yes,yes,yes,yes,5.0,2,2,1,1,5,8,3.0,3.0,2.5,2.8333333333333335
211,GP,F,19,U,GT3,T,2,1,at_home,other,other,other,3,2,0,no,yes,no,no,yes,no,yes,yes,3.0,4,1,1,1,2,20,4.5,4.0,4.25,4.25
212,MS,M,19,R,GT3,T,1,1,other,services,,mother,2,1,1,no,no,no,no,yes,yes,no,no,4.0,3,2,1,3,5,0,2.5,2.25,1.0,1.9166666666666667
213,GP,M,15,R,GT3,T,2,1,health,services,reputation,mother,1,2,0,no,no,no,yes,yes,yes,yes,yes,5.0,4,2,1,1,5,8,3.25,3.25,3.25,3.25
214,GP,M,15,U,LE3,A,2,1,services,other,,mother,4,1,3,no,no,no,no,yes,yes,yes,no,4.0,5,5,2,5,5,0,3.0,3.25,3.5,3.25
215,GP,F,17,U,GT3,T,4,3,health,other,,mother,1,3,0,no,yes,yes,yes,yes,yes,yes,yes,4.0,4,3,1,3,4,0,4.25,4.75,4.75,4.583333333333333
216,MS,F,17,R,GT3,T,1,1,other,services,,mother,3,1,1,no,yes,yes,no,yes,yes,yes,yes,5.0,2,1,1,2,1,0,2.75,2.5,1.0,2.0833333333333335
217,GP,F,17,U,,T,4,4,teacher,services,course,mother,1,3,0,no,,yes,yes,yes,yes,yes,no,,4,4,1,3,4,7,3.5,3.25,3.25,3.3333333333333335
218,GP,F,17,U,GT3,A,2,2,at_home,at_home,home,father,1,2,1,no,yes,no,no,yes,yes,yes,yes,3.0,3,1,1,2,4,0,3.25,3.0,1.0,2.4166666666666665
219,GP,M,17,R,GT3,T,2,2,other,other,,father,2,2,0,no,yes,yes,yes,yes,yes,yes,no,4.0,5,2,1,1,1,4,3.75,3.75,3.75,3.75
220,GP,F,16,U,LE3,T,1,1,at_home,at_home,,mother,1,1,0,no,no,no,no,yes,yes,yes,no,3.0,4,4,3,3,1,2,4.5,4.5,4.25,4.416666666666667
221,MS,F,18,U,GT3,T,3,3,services,services,course,father,1,2,0,no,yes,no,no,yes,yes,no,yes,5.0,3,4,1,1,5,0,3.5,3.25,3.25,3.3333333333333335
222,GP,M,15,U,GT3,A,4,4,other,services,,mother,1,4,0,no,yes,no,yes,no,yes,yes,yes,1.0,3,3,5,5,3,4,4.25,4.25,4.0,4.166666666666667
223,GP,F,17,U,GT3,T,3,4,at_home,services,,mother,1,3,1,no,yes,yes,no,yes,yes,yes,yes,4.0,4,3,3,4,5,28,3.5,3.25,3.25,3.3333333333333335
224,MS,M,17,U,GT3,T,3,3,health,other,,mother,2,2,0,no,yes,yes,no,yes,yes,yes,no,4.0,5,4,2,3,3,2,4.25,4.25,4.25,4.25
225,GP,M,15,U,GT3,A,2,2,other,other,,other,1,3,0,no,yes,no,no,yes,yes,yes,yes,4.0,5,2,1,1,3,0,4.5,5.0,5.0,4.833333333333333
226,GP,M,15,U,GT3,T,3,4,services,services,,father,1,1,0,yes,no,no,no,yes,yes,yes,no,5.0,5,5,3,2,5,0,4.25,4.25,4.0,4.166666666666667
227,GP,M,16,U,GT3,T,0,2,other,other,,mother,1,1,0,no,no,yes,no,no,yes,yes,no,4.0,3,2,2,4,5,0,4.25,4.75,4.75,4.583333333333333
228,GP,F,17,R,,T,3,1,services,other,,mother,2,4,0,no,,yes,no,yes,yes,no,no,,1,2,1,1,3,6,5.5,5.5,5.5,5.5
229,GP,F,15,R,GT3,T,2,4,services,health,,mother,1,3,0,yes,yes,yes,yes,yes,yes,yes,no,4.0,3,2,1,1,5,2,3.5,3.25,3.0,3.25
230,GP,F,17,U,GT3,A,4,4,other,teacher,,mother,2,2,0,yes,yes,no,no,yes,yes,no,no,4.0,1,4,1,1,1,6,2.5,2.25,2.5,2.4166666666666665
231,GP,F,16,U,GT3,A,3,1,services,other,,mother,1,2,3,no,yes,yes,no,yes,yes,yes,no,2.0,3,3,2,2,4,5,2.75,2.75,2.75,2.75
232,GP,M,19,U,GT3,T,3,3,other,other,,other,1,2,1,no,yes,no,yes,yes,yes,yes,yes,4.0,4,4,1,1,3,20,4.75,4.5,4.25,4.5
233,MS,F,18,U,GT3,T,3,3,services,services,,mother,2,2,0,no,yes,no,no,yes,yes,yes,yes,4.0,3,2,1,3,3,0,3.75,3.75,3.5,3.6666666666666665
234,GP,M,17,U,LE3,A,4,1,services,other,,mother,2,1,0,no,no,yes,yes,yes,yes,yes,yes,4.0,5,4,2,4,5,30,3.0,3.0,3.0,3.0
235,GP,F,18,R,GT3,A,3,2,other,services,,mother,2,2,0,no,no,no,no,no,no,yes,yes,4.0,1,1,1,1,5,75,3.5,3.25,3.25,3.3333333333333335
236,GP,M,18,U,,T,4,4,teacher,services,,mother,2,1,0,no,,yes,yes,yes,yes,yes,no,,2,4,1,4,3,22,3.25,3.25,3.25,3.25
237,GP,F,15,R,LE3,T,2,2,health,services,,mother,2,2,0,yes,yes,yes,no,yes,yes,yes,no,4.0,1,3,1,3,4,2,3.0,3.25,3.0,3.0833333333333335
238,GP,M,16,U,GT3,T,3,3,at_home,other,,other,3,2,0,yes,yes,no,no,no,yes,yes,no,5.0,3,3,1,3,2,6,2.75,3.5,3.5,3.25
239,GP,F,18,U,GT3,T,3,2,other,services,,mother,1,3,0,no,no,no,no,yes,yes,yes,yes,5.0,4,3,2,3,1,7,4.25,4.25,4.5,4.333333333333333
240,GP,M,15,U,GT3,T,2,2,services,services,,father,1,1,0,yes,yes,no,no,yes,yes,yes,no,5.0,4,1,1,1,1,0,3.0,3.0,3.75,3.25
241,GP,F,16,U,GT3,T,4,4,teacher,services,,mother,1,3,0,no,yes,no,yes,no,yes,yes,no,5.0,3,2,1,1,5,0,4.25,4.25,4.5,4.333333333333333
242,GP,F,17,R,GT3,T,2,2,other,other,,mother,1,1,0,no,yes,no,no,yes,yes,yes,no,5.0,3,2,1,2,3,18,2.75,2.5,2.5,2.5833333333333335
243,GP,F,18,R,GT3,T,4,4,teacher,other,reputation,mother,2,2,0,no,no,yes,yes,yes,yes,yes,no,4.0,3,4,2,2,4,8,4.0,3.5,3.75,3.75
244,MS,M,18,U,LE3,T,1,3,at_home,services,,mother,1,1,1,no,no,no,no,yes,no,yes,yes,4.0,3,3,2,3,3,7,3.0,2.75,3.0,2.9166666666666665
245,GP,M,15,R,GT3,T,3,4,at_home,teacher,,mother,4,2,0,no,yes,no,no,yes,yes,no,yes,5.0,3,3,1,1,5,0,3.25,1.0,1.0,1.75
246,GP,F,15,U,,T,1,1,at_home,other,,mother,1,2,3,yes,,yes,no,yes,yes,yes,no,,3,2,2,3,3,-1,2.75,3.0,3.5,3.0833333333333335
247,GP,M,15,U,GT3,T,4,4,health,services,,mother,1,2,0,no,yes,yes,no,no,yes,yes,no,5.0,4,2,3,4,5,0,3.25,3.75,4.0,3.6666666666666665
248,GP,F,15,R,GT3,T,1,1,at_home,other,home,mother,2,4,1,yes,yes,yes,yes,yes,yes,yes,no,3.0,1,2,1,1,1,2,2.75,3.5,3.5,3.25
249,GP,M,15,U,GT3,T,2,3,other,other,,mother,1,3,0,yes,no,yes,no,no,yes,yes,no,5.0,3,2,1,2,5,4,3.75,3.5,3.75,3.6666666666666665
250,GP,F,17,U,GT3,T,4,4,services,teacher,,mother,2,1,1,no,yes,no,no,yes,yes,yes,no,4.0,2,4,2,3,2,24,5.5,5.5,5.5,5.5
251,GP,F,17,U,GT3,T,2,2,other,other,course,mother,1,2,0,no,yes,no,no,no,yes,yes,no,5.0,4,5,1,2,5,4,3.5,3.25,3.75,3.5
252,GP,F,17,R,GT3,T,2,1,at_home,services,,mother,2,2,0,no,yes,no,yes,yes,yes,yes,no,4.0,2,5,1,2,5,2,2.5,2.5,2.5,2.5
253,GP,M,16,U,LE3,T,4,3,teacher,other,,mother,1,1,0,no,no,no,yes,no,yes,yes,no,5.0,4,5,1,1,3,0,2.5,1.0,1.0,1.5
254,GP,M,19,R,GT3,T,3,3,other,services,,father,1,2,1,no,no,no,yes,yes,yes,no,yes,4.0,5,3,1,2,5,0,4.75,4.0,4.0,4.25
255,GP,F,17,U,GT3,A,4,3,services,services,,mother,1,2,0,no,yes,yes,no,yes,yes,yes,yes,5.0,2,2,1,2,5,23,4.25,4.25,4.25,4.25
256,GP,M,16,U,LE3,A,4,4,teacher,health,,mother,1,2,0,no,yes,no,no,yes,yes,no,no,4.0,1,3,3,5,5,18,3.0,2.5,2.75,2.75
257,GP,M,17,U,GT3,T,1,2,at_home,services,,other,2,2,0,no,no,yes,yes,no,yes,yes,no,4.0,4,4,4,5,5,12,2.75,3.0,3.0,2.9166666666666665
258,GP,F,16,U,GT3,T,2,3,other,other,,mother,1,2,0,yes,yes,yes,yes,yes,yes,no,no,4.0,4,3,1,3,4,6,3.0,3.5,3.5,3.3333333333333335
259,GP,M,16,U,GT3,T,4,4,services,services,,mother,1,1,0,no,no,no,yes,yes,yes,yes,no,5.0,3,2,1,2,5,0,4.25,4.0,4.0,4.083333333333333
260,GP,M,18,U,LE3,T,2,2,other,other,,mother,1,4,0,no,yes,no,yes,yes,yes,yes,no,4.0,5,5,2,4,5,2,3.25,3.0,3.0,3.0833333333333335
261,MS,F,18,U,GT3,T,3,3,other,other,,mother,1,2,0,no,no,yes,no,yes,yes,yes,yes,4.0,1,3,1,2,1,0,4.75,4.75,4.75,4.75
262,MS,M,18,R,GT3,T,3,2,other,other,course,mother,2,1,1,no,yes,no,no,no,yes,yes,no,2.0,5,5,5,5,5,10,3.75,4.25,4.25,4.083333333333333
263,GP,F,15,U,GT3,T,3,2,services,other,,mother,2,2,0,yes,yes,yes,no,yes,yes,yes,no,4.0,3,5,1,1,2,26,2.75,2.5,2.5,2.5833333333333335
264,GP,F,15,U,,A,3,4,other,other,,mother,1,2,0,yes,,no,yes,yes,yes,yes,yes,,3,2,1,1,1,0,2.75,3.5,3.75,3.3333333333333335
265,GP,M,15,U,GT3,T,4,4,health,health,other,father,1,1,0,no,yes,yes,no,yes,yes,yes,no,5.0,4,2,1,1,5,0,4.0,4.75,4.75,4.5
266,GP,M,17,R,GT3,T,3,4,at_home,other,,mother,3,2,0,no,no,no,no,yes,yes,no,no,5.0,4,5,2,4,5,0,3.5,1.0,1.0,1.8333333333333333
267,GP,M,18,U,LE3,T,4,3,teacher,services,,mother,2,1,0,no,no,yes,yes,yes,yes,yes,no,4.0,2,3,1,2,1,8,3.5,3.75,3.5,3.5833333333333335
268,GP,F,19,U,GT3,T,3,3,other,other,,other,1,4,0,no,yes,yes,yes,yes,yes,yes,no,4.0,3,3,1,2,3,10,3.0,3.0,3.0,3.0
269,GP,M,16,R,GT3,T,4,3,services,other,,mother,2,1,0,yes,yes,no,yes,no,yes,yes,no,3.0,3,3,1,1,4,2,3.75,4.75,4.75,4.416666666666667
270,GP,F,16,U,GT3,T,2,1,other,other,,mother,1,2,0,no,yes,yes,no,yes,yes,no,yes,4.0,3,5,1,1,5,2,3.0,3.25,3.5,3.25
271,MS,F,17,U,LE3,A,3,2,services,other,,mother,2,2,0,no,no,no,no,yes,yes,no,yes,1.0,2,3,1,2,5,2,4.0,4.0,3.75,3.9166666666666665
272,GP,F,17,U,GT3,T,3,2,health,health,,father,1,4,0,no,yes,yes,yes,no,yes,yes,no,5.0,2,2,1,2,5,0,5.25,5.25,5.5,5.333333333333333
273,GP,M,17,U,GT3,T,3,1,services,other,,mother,1,2,0,no,no,yes,yes,yes,yes,yes,yes,5.0,4,4,3,4,5,2,3.25,3.25,3.5,3.3333333333333335
274,GP,M,16,R,GT3,T,2,2,at_home,other,,mother,3,1,0,no,no,no,no,no,yes,no,no,4.0,2,2,1,2,3,2,5.25,4.75,4.75,4.916666666666667
275,GP,M,15,U,LE3,T,4,4,teacher,other,,other,1,1,0,no,yes,no,no,no,yes,yes,yes,5.0,4,3,2,4,5,-1,4.0,4.0,4.0,4.0
276,GP,M,17,R,GT3,T,2,2,services,other,,mother,4,1,0,no,yes,no,no,yes,yes,yes,no,4.0,4,5,5,5,4,8,3.75,3.5,3.5,3.5833333333333335
277,GP,F,16,U,GT3,T,4,3,teacher,other,,mother,1,2,0,no,no,yes,yes,yes,yes,yes,yes,1.0,3,2,1,1,1,10,3.75,4.0,4.25,4.0
278,GP,F,17,U,GT3,T,2,2,other,other,,mother,1,2,0,no,yes,no,no,yes,yes,no,yes,4.0,2,2,1,1,3,12,3.75,3.25,3.25,3.4166666666666665
279,GP,F,15,U,GT3,T,1,2,at_home,services,,mother,1,2,0,no,no,no,no,no,yes,yes,no,3.0,2,3,1,2,1,2,5.0,4.75,4.75,4.833333333333333
280,GP,F,17,R,GT3,A,3,2,other,other,,mother,1,2,0,no,yes,yes,no,yes,yes,yes,no,4.0,3,3,2,3,2,4,3.25,3.5,3.5,3.4166666666666665
281,GP,M,20,U,GT3,A,3,2,services,other,,other,1,1,0,no,no,no,yes,yes,yes,no,no,5.0,5,3,1,1,5,0,5.25,5.5,5.5,5.416666666666667
282,MS,M,21,R,GT3,T,1,1,other,other,,other,1,1,3,no,no,no,no,no,yes,no,no,5.0,5,3,3,3,3,3,3.5,3.0,2.75,3.0833333333333335
283,GP,F,17,U,GT3,A,3,3,health,other,,mother,1,2,0,no,yes,no,no,no,yes,yes,yes,3.0,3,3,1,3,3,6,3.0,2.75,3.25,3.0
284,GP,F,17,U,GT3,T,3,2,other,other,,mother,1,2,0,no,no,no,yes,no,yes,yes,no,5.0,3,4,1,3,3,10,5.0,4.75,4.75,4.833333333333333
285,GP,F,15,U,GT3,A,4,3,services,services,,mother,1,2,0,no,yes,yes,yes,yes,yes,yes,no,4.0,3,2,1,1,1,0,4.5,4.75,4.75,4.666666666666667
286,GP,F,18,U,GT3,T,4,3,other,other,,father,1,4,0,no,yes,yes,no,yes,yes,yes,no,4.0,3,3,1,1,3,0,4.5,4.25,4.5,4.416666666666667
287,GP,M,17,U,LE3,T,4,4,services,other,,mother,1,2,0,no,yes,yes,no,yes,yes,yes,yes,5.0,3,5,4,5,3,13,4.0,4.0,4.25,4.083333333333333
288,GP,F,17,U,GT3,T,3,2,other,other,,mother,1,2,0,no,yes,yes,no,yes,yes,yes,yes,4.0,3,2,2,3,2,0,2.75,3.0,1.0,2.25
289,GP,M,19,U,GT3,T,3,2,services,at_home,,mother,1,1,3,no,yes,no,no,yes,no,yes,yes,4.0,5,4,1,1,4,0,2.25,1.0,1.0,1.4166666666666667
290,GP,M,16,U,GT3,T,3,3,other,services,,father,2,1,0,no,no,no,yes,yes,yes,yes,no,5.0,4,2,1,1,5,0,4.25,4.5,4.25,4.333333333333333
291,GP,M,17,R,LE3,A,4,4,teacher,other,course,mother,2,2,0,no,yes,yes,no,yes,yes,yes,no,3.0,3,3,2,3,4,2,3.5,3.75,4.0,3.75
292,GP,M,17,U,LE3,T,2,2,other,other,,father,1,2,0,no,no,yes,yes,no,yes,yes,yes,4.0,4,2,5,5,4,4,4.5,4.25,4.25,4.333333333333333
293,GP,F,17,U,LE3,T,2,2,services,services,,father,1,4,0,no,no,yes,yes,yes,yes,yes,yes,3.0,4,1,1,1,2,0,3.5,3.25,1.0,2.5833333333333335
294,GP,F,16,U,GT3,T,3,3,other,other,,father,1,2,0,no,yes,yes,no,yes,yes,no,no,4.0,3,2,1,2,5,4,2.5,3.5,3.5,3.1666666666666665
295,GP,M,16,U,LE3,T,2,2,other,other,,mother,1,2,0,no,no,no,no,yes,yes,yes,no,4.0,4,4,1,1,3,0,4.0,4.0,3.75,3.9166666666666665
296,MS,F,18,R,LE3,T,4,4,teacher,services,,mother,1,2,0,no,no,yes,yes,yes,yes,yes,no,5.0,4,3,3,4,2,4,3.0,3.25,3.5,3.25
297,GP,F,19,U,GT3,T,2,1,services,services,,other,1,3,1,no,no,yes,yes,yes,yes,yes,yes,4.0,3,4,1,3,3,4,3.75,4.0,3.75,3.8333333333333335
298,GP,F,16,U,GT3,T,2,2,services,other,,mother,2,2,0,no,no,yes,yes,no,yes,yes,no,3.0,4,4,1,4,5,2,4.25,4.25,3.75,4.083333333333333
299,GP,F,19,U,GT3,T,0,1,at_home,other,course,other,1,2,3,no,yes,no,no,no,no,no,no,3.0,4,2,1,1,5,2,2.75,3.0,3.25,3.0
300,GP,F,16,U,,T,2,2,services,services,,mother,3,2,0,no,,yes,no,yes,yes,yes,no,,3,3,2,3,4,2,4.0,4.25,4.25,4.166666666666667
301,GP,F,15,U,GT3,T,1,1,at_home,other,,mother,3,1,0,no,yes,no,yes,no,yes,yes,yes,4.0,3,3,1,2,4,-1,3.0,1.0,1.0,1.6666666666666667
302,GP,F,17,U,GT3,T,2,4,services,services,,father,1,2,0,no,yes,no,yes,yes,yes,no,no,5.0,4,2,2,3,5,0,5.0,5.25,5.25,5.166666666666667
303,GP,F,16,U,LE3,A,3,3,other,services,,mother,1,2,0,no,yes,no,no,yes,yes,yes,no,2.0,3,5,1,4,3,12,3.75,4.0,3.75,3.8333333333333335
304,GP,F,16,U,GT3,T,2,3,services,teacher,,mother,1,2,0,yes,no,no,no,yes,yes,yes,no,2.0,3,1,1,1,3,2,5.0,5.0,5.25,5.083333333333333
305,GP,F,17,U,GT3,T,1,1,at_home,other,,father,1,2,0,no,yes,no,no,no,yes,yes,no,5.0,3,3,1,1,3,4,2.25,2.25,2.5,2.3333333333333335
306,GP,M,17,U,LE3,T,4,4,teacher,other,,mother,1,2,0,no,yes,yes,yes,yes,yes,yes,no,4.0,4,4,1,3,5,0,4.25,3.75,3.5,3.8333333333333335
307,MS,M,18,R,GT3,T,1,3,at_home,other,,mother,2,2,0,no,yes,yes,no,yes,yes,no,no,3.0,3,4,2,4,3,4,3.5,3.5,3.5,3.5
308,GP,M,15,U,GT3,T,2,3,other,services,,father,1,1,0,yes,yes,yes,yes,no,yes,yes,yes,3.0,2,2,1,3,3,2,3.5,4.0,4.0,3.8333333333333335
309,GP,F,15,R,GT3,T,2,2,at_home,other,reputation,mother,1,1,0,yes,yes,yes,yes,yes,yes,no,no,4.0,3,1,1,1,2,8,4.5,4.25,4.25,4.333333333333333
310,GP,M,16,U,GT3,T,3,2,other,other,,mother,1,1,0,no,yes,yes,no,no,yes,yes,no,5.0,4,3,1,1,5,0,4.0,4.5,4.75,4.416666666666667
311,GP,F,15,U,LE3,A,3,3,other,other,,mother,1,1,0,no,no,yes,no,yes,yes,yes,no,5.0,3,4,4,4,1,6,3.5,4.25,4.25,4.0
312,GP,M,18,U,LE3,A,4,4,teacher,teacher,,mother,1,2,0,no,yes,yes,yes,yes,yes,yes,no,5.0,4,3,1,1,2,9,4.75,4.25,4.75,4.583333333333333
313,MS,M,18,R,LE3,T,1,1,at_home,other,,mother,2,2,1,no,no,no,yes,no,no,no,no,4.0,4,3,2,3,5,2,4.25,4.0,4.0,4.083333333333333
314,GP,F,16,U,,T,4,3,teacher,health,,mother,1,3,0,yes,,yes,yes,yes,yes,yes,no,,4,4,2,4,4,2,3.5,3.25,3.25,3.3333333333333335
315,GP,F,15,R,,T,3,1,other,other,reputation,father,2,4,0,no,,no,no,no,yes,yes,no,,4,2,2,3,3,12,5.0,5.0,5.0,5.0
316,MS,F,19,R,GT3,T,2,3,services,other,,mother,1,3,1,no,no,no,yes,no,yes,yes,no,5.0,4,2,1,2,5,0,2.75,2.25,1.0,2.0
317,GP,M,17,R,GT3,T,1,2,at_home,at_home,,mother,1,2,0,no,yes,yes,yes,no,yes,no,yes,3.0,5,2,2,2,1,2,4.75,4.5,4.5,4.583333333333333
318,MS,F,18,R,GT3,T,4,4,other,teacher,,father,3,2,0,no,yes,yes,no,no,yes,yes,yes,3.0,2,2,4,2,5,10,4.5,4.0,3.75,4.083333333333333
319,MS,M,17,U,GT3,T,2,3,other,services,home,father,2,2,0,no,no,no,yes,yes,yes,yes,no,4.0,4,3,1,1,3,2,3.75,3.75,3.5,3.6666666666666665
320,GP,F,17,R,GT3,T,2,4,at_home,other,course,father,1,3,0,no,yes,no,no,yes,yes,yes,yes,4.0,4,3,1,1,5,7,4.0,4.5,4.5,4.333333333333333
321,GP,M,17,U,LE3,T,4,4,other,teacher,home,father,2,1,0,no,no,yes,no,yes,yes,yes,no,4.0,1,1,2,2,5,0,3.75,3.75,3.5,3.6666666666666665
322,GP,F,17,U,GT3,T,3,3,other,other,,mother,1,3,0,no,no,no,yes,no,yes,no,no,3.0,2,3,1,1,4,4,3.5,3.25,3.25,3.3333333333333335
323,GP,M,17,U,GT3,T,2,1,other,other,,mother,1,1,3,no,yes,no,no,yes,yes,yes,no,5.0,4,5,1,2,5,0,2.25,1.0,1.0,1.4166666666666667
324,GP,M,16,U,GT3,T,3,2,services,services,,mother,2,1,1,no,yes,no,yes,no,no,no,no,4.0,5,2,1,1,2,16,4.0,3.75,4.0,3.9166666666666665
325,MS,F,18,U,GT3,T,2,3,at_home,services,,father,2,1,0,no,yes,yes,no,yes,yes,yes,yes,5.0,2,3,1,2,4,0,3.75,3.5,3.5,3.5833333333333335
326,GP,M,16,U,LE3,T,1,2,other,other,,mother,2,1,1,no,no,no,yes,yes,yes,no,no,4.0,4,4,2,4,5,0,2.75,1.0,1.0,1.5833333333333333
327,GP,F,16,U,GT3,T,2,1,other,other,,mother,1,1,0,no,no,no,no,yes,yes,yes,yes,4.0,5,2,1,1,5,20,4.25,4.0,4.0,4.083333333333333
328,GP,M,15,R,GT3,T,4,3,teacher,at_home,,mother,1,2,0,no,yes,no,yes,yes,yes,yes,yes,4.0,5,2,1,1,5,0,5.25,5.0,5.0,5.083333333333333
329,GP,F,16,U,GT3,T,3,4,at_home,other,,mother,1,2,0,no,yes,no,no,yes,yes,yes,no,2.0,4,3,1,2,3,12,2.25,2.25,2.25,2.25
330,GP,F,17,R,LE3,T,2,2,services,services,,mother,1,3,0,no,yes,yes,yes,yes,yes,yes,no,3.0,3,2,2,2,3,3,3.75,3.75,3.75,3.75
331,GP,F,18,U,GT3,T,4,3,services,other,,father,1,2,0,no,yes,yes,no,yes,yes,yes,yes,3.0,1,2,1,3,2,21,5.25,5.5,5.5,5.416666666666667
332,GP,F,15,U,GT3,T,4,4,services,services,,mother,1,1,0,yes,yes,yes,no,yes,yes,yes,no,3.0,3,4,2,3,5,0,3.0,3.5,3.75,3.4166666666666665
333,GP,F,15,R,GT3,T,1,1,other,other,,mother,1,2,2,yes,yes,no,no,no,yes,yes,yes,3.0,3,4,2,4,5,2,3.0,2.5,2.25,2.5833333333333335
334,GP,F,19,U,LE3,T,3,2,services,other,,other,2,2,1,no,yes,yes,no,no,yes,yes,yes,4.0,2,2,1,2,1,22,4.25,3.5,3.75,3.8333333333333335
335,MS,M,19,U,LE3,T,1,1,other,at_home,course,father,1,1,0,no,no,no,no,yes,yes,yes,no,3.0,2,3,3,3,5,5,3.0,3.25,3.25,3.1666666666666665
336,GP,M,18,R,LE3,A,3,4,other,other,,mother,2,2,0,no,yes,yes,yes,yes,yes,yes,no,4.0,2,5,3,4,1,13,5.25,5.25,5.25,5.25
337,GP,F,17,U,GT3,T,4,4,other,teacher,,mother,1,1,0,yes,yes,no,no,yes,yes,no,yes,4.0,2,1,1,1,4,0,3.75,3.75,4.0,3.8333333333333335
338,GP,F,16,U,GT3,T,3,2,other,other,,mother,1,2,0,no,yes,yes,no,yes,yes,yes,no,1.0,2,2,1,2,1,14,4.0,4.25,4.0,4.083333333333333
339,GP,F,16,U,GT3,T,4,3,health,other,,mother,1,2,0,no,yes,no,yes,yes,yes,yes,no,4.0,3,5,1,5,2,2,5.0,5.0,5.0,5.0
340,MS,M,19,R,GT3,T,1,1,other,other,,other,3,1,1,no,yes,no,no,yes,yes,yes,no,4.0,4,4,3,3,5,4,3.0,3.0,3.0,3.0
341,GP,M,16,U,LE3,T,4,2,teacher,other,,mother,1,2,0,no,no,no,yes,yes,yes,yes,no,4.0,5,1,1,3,5,2,4.75,4.75,5.0,4.833333333333333
342,GP,M,17,U,GT3,T,4,4,teacher,teacher,,mother,1,2,0,yes,yes,no,yes,yes,yes,yes,yes,4.0,5,5,1,3,2,14,3.75,3.25,3.25,3.4166666666666665
343,GP,F,16,U,GT3,T,3,3,other,services,,mother,1,2,0,yes,yes,yes,yes,yes,yes,yes,no,4.0,3,3,2,4,5,54,3.75,4.0,3.75,3.8333333333333335
344,GP,F,18,U,LE3,T,2,2,other,other,,other,1,2,0,no,no,no,yes,no,yes,yes,yes,4.0,3,3,1,1,2,0,3.0,3.0,1.0,2.3333333333333335
345,GP,M,18,U,LE3,T,2,1,at_home,other,course,mother,4,2,0,yes,yes,yes,yes,yes,yes,yes,yes,4.0,3,2,4,5,3,14,3.5,3.0,3.25,3.25
346,GP,M,16,U,,T,4,4,services,services,,mother,1,1,0,yes,,yes,yes,yes,yes,yes,no,,5,5,5,5,4,14,2.75,2.75,2.25,2.5833333333333335
347,GP,M,15,U,GT3,T,4,3,teacher,other,,mother,2,2,0,no,yes,yes,no,yes,yes,yes,no,5.0,4,3,1,2,3,2,3.5,3.5,3.75,3.5833333333333335
348,GP,M,17,U,GT3,T,4,3,other,other,,mother,1,2,0,no,yes,no,yes,yes,yes,yes,yes,5.0,2,3,1,1,2,4,3.5,3.5,3.75,3.5833333333333335
349,GP,F,16,U,LE3,T,2,2,other,other,,mother,2,2,1,no,yes,no,yes,no,yes,yes,yes,3.0,3,3,1,2,3,25,2.75,3.5,3.75,3.3333333333333335
350,GP,F,19,U,LE3,T,1,2,services,services,,other,1,2,1,no,no,no,yes,no,yes,no,yes,4.0,2,4,2,2,3,0,3.25,3.25,1.0,2.5
351,GP,F,16,R,GT3,T,2,2,services,services,,mother,2,4,0,no,yes,yes,yes,no,yes,yes,no,5.0,3,5,1,1,5,6,3.5,3.5,3.75,3.5833333333333335
352,GP,M,18,R,LE3,T,3,2,services,other,,mother,2,3,0,no,yes,yes,yes,yes,yes,yes,no,5.0,4,2,1,1,4,8,4.5,4.25,4.5,4.416666666666667
353,GP,F,18,U,GT3,T,4,4,teacher,other,,mother,1,2,0,no,yes,yes,no,yes,yes,yes,no,4.0,4,4,3,3,5,2,3.75,3.75,3.75,3.75
354,GP,F,18,U,GT3,T,2,1,other,other,,other,2,3,0,no,yes,yes,no,no,yes,yes,yes,4.0,4,4,1,1,3,0,2.75,1.0,1.0,1.5833333333333333
