,school,sex,age,address,famsize,Pstatus,Medu,Fedu,Mjob,Fjob,reason,guardian,traveltime,studytime,failures,schoolsup,famsup,paid,activities,nursery,higher,internet,romantic,famrel,freetime,goout,Dalc,Walc,health,absences,G1,G2,G3
0,GP,F,19,U,GT3,T,3,3,other,other,,other,1,4,0,no,yes,yes,yes,yes,yes,yes,no,4.0,3,3,1,2,3,10,3.0,3.0,3.0
1,GP,F,15,U,,A,3,4,other,other,,mother,1,2,0,yes,,no,yes,yes,yes,yes,yes,,3,2,1,1,1,0,2.75,3.5,3.75
2,GP,F,15,U,GT3,T,4,4,teacher,teacher,,mother,2,1,0,no,no,no,yes,yes,yes,yes,no,4.0,3,2,1,1,5,0,5.0,5.0,4.75
3,GP,M,16,U,LE3,T,4,3,health,other,,father,1,1,0,no,no,yes,yes,yes,yes,yes,no,3.0,1,3,1,3,5,4,3.0,3.5,3.5
4,GP,M,19,U,LE3,A,4,3,services,at_home,,mother,1,2,0,no,yes,no,no,yes,yes,yes,no,4.0,3,1,1,1,1,12,3.75,3.75,3.75
5,GP,M,18,R,GT3,T,2,2,services,other,,mother,1,1,2,no,yes,no,yes,yes,yes,yes,no,3.0,3,3,1,2,4,0,2.75,2.0,1.0
6,GP,F,18,U,GT3,T,2,2,at_home,at_home,,mother,1,3,0,no,yes,yes,no,yes,yes,yes,no,4.0,3,3,1,2,2,5,5.5,5.5,5.75
7,GP,F,18,U,LE3,T,2,2,other,other,,other,1,2,0,no,no,no,yes,no,yes,yes,yes,4.0,3,3,1,1,2,0,3.0,3.0,1.0
8,GP,M,17,U,LE3,T,4,4,teacher,other,,mother,1,2,0,no,yes,yes,yes,yes,yes,yes,no,4.0,4,4,1,3,5,0,4.25,3.75,3.5
9,GP,M,18,U,GT3,T,4,4,teacher,services,home,father,1,2,1,no,yes,no,yes,yes,yes,yes,no,4.0,3,3,2,2,2,-1,3.5,3.5,1.0
10,MS,F,18,R,LE3,T,4,4,other,other,,mother,2,3,0,no,no,no,no,yes,yes,yes,no,5.0,4,4,1,1,1,0,5.75,5.5,5.75
11,GP,F,17,U,GT3,A,2,1,other,other,,mother,2,3,0,no,no,no,yes,yes,yes,yes,yes,3.0,2,3,1,2,3,-1,4.0,3.5,4.0
12,GP,M,22,U,GT3,T,3,1,services,services,,mother,1,1,3,no,no,no,no,no,no,yes,yes,5.0,4,5,5,5,1,16,2.5,3.0,3.0
13,GP,F,16,U,GT3,T,2,2,at_home,other,,mother,1,2,1,yes,no,no,yes,yes,yes,yes,no,3.0,1,2,1,1,5,6,3.5,4.25,4.25
14,GP,M,16,U,LE3,T,4,3,services,other,,mother,1,2,0,no,yes,yes,yes,yes,yes,yes,no,5.0,4,2,1,2,5,10,4.75,4.75,4.75
15,MS,F,20,U,GT3,T,4,2,health,other,,other,2,3,2,no,yes,yes,no,no,yes,yes,yes,5.0,4,3,1,1,3,4,4.75,4.5,4.75
16,MS,M,19,R,GT3,T,1,1,other,other,,other,3,1,1,no,yes,no,no,yes,yes,yes,no,4.0,4,4,3,3,5,4,3.0,3.0,3.0
17,GP,F,17,U,GT3,T,4,4,other,teacher,,mother,1,1,0,yes,yes,no,no,yes,yes,no,yes,4.0,2,1,1,1,4,0,3.75,3.75,4.0
18,GP,F,15,U,GT3,T,4,4,services,services,,father,2,2,2,no,no,yes,no,yes,yes,yes,yes,4.0,4,4,2,3,5,6,2.75,3.25,3.0
19,GP,M,17,R,GT3,T,1,3,other,other,,father,3,2,1,no,yes,no,yes,yes,yes,yes,no,5.0,2,4,1,4,5,20,3.25,2.75,3.0
20,GP,F,17,U,,T,2,2,other,other,,father,1,1,0,no,,no,no,yes,yes,yes,yes,,4,4,1,3,5,12,3.5,4.25,4.0
21,GP,F,18,U,GT3,T,3,3,services,services,,mother,1,2,0,no,no,no,yes,yes,yes,yes,no,5.0,3,4,1,1,4,0,2.75,1.0,1.0
22,GP,F,17,R,LE3,T,2,2,services,services,,mother,1,3,0,no,yes,yes,yes,yes,yes,yes,no,3.0,3,2,2,2,3,3,3.75,3.75,3.75
23,GP,F,16,U,GT3,T,4,3,other,at_home,,mother,1,3,0,yes,yes,yes,no,yes,yes,yes,no,5.0,3,5,1,1,3,0,2.75,3.25,3.0
24,GP,F,17,U,GT3,T,3,3,other,other,,mother,1,3,0,no,no,no,yes,no,yes,no,no,3.0,2,3,1,1,4,4,3.5,3.25,3.25
25,GP,F,16,U,GT3,T,2,3,services,services,,mother,1,2,0,no,no,no,no,yes,yes,yes,no,4.0,3,3,1,1,2,10,3.75,4.0,4.25
26,GP,M,17,U,GT3,T,3,1,services,other,,mother,1,2,0,no,no,yes,yes,yes,yes,yes,yes,5.0,4,4,3,4,5,2,3.25,3.25,3.5
27,GP,F,18,U,LE3,T,2,1,services,at_home,,mother,1,2,1,no,no,no,no,yes,yes,yes,yes,5.0,4,3,1,1,5,12,4.0,4.0,4.25
28,MS,F,18,U,LE3,T,3,1,teacher,services,course,mother,1,2,0,no,yes,yes,no,yes,yes,yes,no,4.0,3,4,1,1,1,0,2.75,3.25,3.0
29,GP,F,17,U,GT3,T,3,4,services,other,,mother,1,3,0,no,no,no,no,yes,yes,yes,no,4.0,4,5,1,3,5,16,5.0,4.75,4.75
30,GP,F,15,U,LE3,A,4,3,other,other,,mother,1,2,0,yes,yes,yes,yes,yes,yes,yes,yes,5.0,2,2,1,1,5,8,3.0,3.0,2.5
31,GP,M,15,U,GT3,T,2,3,other,other,,mother,1,3,0,yes,no,yes,no,no,yes,yes,no,5.0,3,2,1,2,5,4,3.75,3.5,3.75
32,GP,M,18,U,LE3,T,1,1,other,other,,mother,1,1,3,no,no,no,no,yes,no,yes,yes,2.0,3,5,2,5,4,0,2.5,2.25,1.0
33,GP,F,16,U,LE3,T,2,4,other,health,,father,2,2,0,no,yes,yes,yes,yes,yes,yes,yes,4.0,2,2,1,2,5,2,4.25,4.25,4.25
34,GP,F,15,U,GT3,T,1,1,other,services,,father,1,2,0,no,yes,yes,no,yes,yes,yes,no,4.0,4,2,1,2,5,0,3.0,3.75,3.75
35,GP,F,16,U,,T,2,2,services,services,,mother,3,2,0,no,,yes,no,yes,yes,yes,no,,3,3,2,3,4,2,4.0,4.25,4.25
36,GP,F,16,U,GT3,T,2,1,other,other,,mother,1,2,0,no,yes,yes,no,yes,yes,no,yes,4.0,3,5,1,1,5,2,3.0,3.25,3.5
37,GP,M,16,U,GT3,T,4,3,health,services,,mother,1,4,0,no,no,no,yes,yes,yes,yes,no,4.0,2,2,1,1,2,4,5.75,5.75,6.0
38,GP,M,15,R,GT3,T,2,1,health,services,reputation,mother,1,2,0,no,no,no,yes,yes,yes,yes,yes,5.0,4,2,1,1,5,8,3.25,3.25,3.25
39,GP,F,17,U,GT3,T,1,1,other,other,,mother,1,2,0,no,yes,yes,no,no,yes,no,no,4.0,4,4,1,3,1,4,3.25,3.25,3.5
40,GP,F,17,U,LE3,T,4,3,health,other,,father,1,2,0,no,no,no,yes,yes,yes,yes,yes,3.0,2,3,1,2,3,14,4.25,4.25,4.5
41,GP,F,16,U,GT3,T,4,2,teacher,services,,mother,2,2,0,no,yes,yes,yes,yes,yes,yes,no,5.0,3,3,1,1,1,0,3.75,3.5,3.5
42,MS,F,17,R,GT3,T,1,1,other,services,,mother,3,1,1,no,yes,yes,no,yes,yes,yes,yes,5.0,2,1,1,2,1,0,2.75,2.5,1.0
43,GP,M,15,U,LE3,A,4,2,health,health,other,father,2,1,1,no,no,no,no,yes,yes,no,no,5.0,5,5,3,4,5,6,3.75,3.75,3.5
44,GP,M,17,U,GT3,T,3,2,services,services,course,mother,1,1,3,no,yes,no,yes,yes,yes,yes,no,5.0,5,5,2,4,5,16,2.5,2.25,2.25
45,GP,F,18,R,LE3,T,1,1,at_home,other,,mother,2,4,0,no,yes,yes,yes,yes,yes,no,no,5.0,2,2,1,1,3,1,4.0,4.0,4.0
46,GP,F,17,R,GT3,A,3,2,other,other,,mother,1,2,0,no,yes,yes,no,yes,yes,yes,no,4.0,3,3,2,3,2,4,3.25,3.5,3.5
47,GP,M,18,U,LE3,T,3,4,services,other,,mother,1,2,0,no,no,no,yes,yes,yes,yes,yes,4.0,3,3,1,3,5,11,5.0,4.75,4.75
48,GP,F,16,U,GT3,T,4,3,health,other,,mother,1,2,0,no,yes,no,yes,yes,yes,yes,no,4.0,3,5,1,5,2,2,5.0,5.0,5.0
49,GP,M,15,U,GT3,T,2,2,services,services,,father,1,4,0,no,yes,yes,yes,yes,yes,yes,no,5.0,5,4,1,2,5,6,5.0,4.5,4.75
50,GP,F,15,R,GT3,T,3,3,services,services,,other,2,3,2,no,yes,yes,yes,yes,yes,yes,yes,4.0,2,1,2,3,3,8,3.5,3.5,3.5
51,MS,F,18,U,GT3,T,3,3,services,services,course,father,1,2,0,no,yes,no,no,yes,yes,no,yes,5.0,3,4,1,1,5,0,3.5,3.25,3.25
52,GP,F,16,U,GT3,T,4,3,teacher,other,,mother,1,2,0,no,no,yes,yes,yes,yes,yes,yes,1.0,3,2,1,1,1,10,3.75,4.0,4.25
53,GP,M,18,U,GT3,T,4,3,teacher,other,course,mother,1,3,0,no,yes,yes,no,yes,yes,yes,yes,5.0,4,5,2,3,5,0,3.5,3.5,3.25
54,GP,M,16,U,GT3,T,3,4,other,other,,father,3,1,2,no,yes,no,yes,no,yes,yes,no,3.0,4,5,2,4,2,-1,2.5,2.25,1.0
55,GP,M,15,U,LE3,A,2,1,services,other,,mother,4,1,3,no,no,no,no,yes,yes,yes,no,4.0,5,5,2,5,5,0,3.0,3.25,3.5
56,GP,F,16,U,GT3,A,2,2,other,other,,mother,1,2,0,yes,yes,yes,no,yes,yes,yes,no,3.0,3,4,1,1,4,0,4.0,4.25,4.5
57,GP,F,16,U,GT3,T,3,2,other,other,,mother,1,2,0,no,yes,yes,no,yes,yes,yes,no,1.0,2,2,1,2,1,14,4.0,4.25,4.0
58,GP,M,15,U,LE3,T,4,3,teacher,services,,mother,1,3,0,no,yes,no,yes,yes,yes,yes,no,5.0,4,3,1,1,4,2,4.75,5.0,5.5
59,GP,M,18,R,GT3,T,3,2,other,other,,mother,1,3,0,no,no,no,yes,no,yes,no,no,5.0,3,2,1,1,3,1,4.25,4.0,4.0
60,GP,F,16,U,GT3,T,3,3,other,other,,mother,3,2,0,yes,yes,no,yes,yes,yes,no,no,5.0,3,2,1,1,4,4,3.0,3.5,3.5
61,GP,F,17,U,,T,1,1,at_home,services,,mother,1,2,0,no,,no,yes,yes,yes,yes,no,,3,3,1,1,3,0,3.0,3.0,3.25
62,GP,F,17,R,LE3,T,4,4,services,other,,mother,1,1,0,no,yes,yes,no,yes,yes,no,no,5.0,2,1,1,2,3,12,3.0,3.5,3.5
63,GP,M,15,U,GT3,T,2,2,services,services,,father,1,1,0,yes,yes,no,no,yes,yes,yes,no,5.0,4,1,1,1,1,0,3.0,3.0,3.75
64,GP,M,16,U,LE3,T,4,3,teacher,other,,mother,1,1,0,no,no,no,yes,no,yes,yes,no,5.0,4,5,1,1,3,0,2.5,1.0,1.0
65,GP,M,15,U,GT3,T,3,4,other,other,,father,1,1,0,no,no,no,no,yes,yes,yes,no,3.0,4,3,1,2,4,6,4.5,4.25,4.25
66,GP,M,17,R,LE3,T,1,1,other,services,,mother,4,2,3,no,no,no,yes,yes,no,no,yes,5.0,3,5,1,5,5,0,2.25,3.0,2.75
67,MS,F,17,R,GT3,T,3,1,at_home,other,,mother,1,2,0,no,yes,yes,yes,no,yes,yes,no,4.0,5,4,2,3,1,17,3.5,3.5,3.5
68,GP,M,16,U,GT3,T,0,2,other,other,,mother,1,1,0,no,no,yes,no,no,yes,yes,no,4.0,3,2,2,4,5,0,4.25,4.75,4.75
69,GP,F,16,U,LE3,T,3,3,other,other,,mother,2,2,0,no,yes,yes,yes,yes,yes,yes,no,4.0,4,5,1,1,4,4,3.5,3.75,3.25
70,GP,M,15,U,GT3,T,4,2,other,other,,mother,1,4,0,no,no,no,no,yes,yes,yes,no,3.0,3,3,1,1,3,0,3.5,3.5,3.5
71,GP,M,15,U,LE3,A,4,4,teacher,teacher,,mother,1,1,0,no,no,no,yes,yes,yes,yes,no,5.0,5,3,1,1,4,6,5.5,5.75,5.75
72,GP,M,17,R,LE3,T,2,1,at_home,other,,mother,2,1,2,no,no,no,yes,yes,no,yes,yes,3.0,3,2,2,2,5,0,2.75,2.5,1.0
73,MS,F,19,U,LE3,T,3,2,services,services,,other,2,2,2,no,no,no,yes,yes,yes,no,yes,3.0,2,2,1,1,3,4,2.75,2.75,3.25
74,GP,F,17,U,GT3,A,4,4,other,teacher,,mother,2,2,0,yes,yes,no,no,yes,yes,no,no,4.0,1,4,1,1,1,6,2.5,2.25,2.5
75,GP,F,17,U,LE3,T,2,2,services,other,,mother,2,2,0,yes,yes,yes,no,yes,yes,yes,yes,4.0,4,4,2,3,5,6,4.0,4.0,4.0
76,GP,F,15,R,GT3,T,3,4,services,teacher,,father,2,3,2,no,yes,no,no,yes,yes,yes,yes,4.0,2,2,2,2,5,0,4.0,1.0,1.0
77,MS,M,17,U,GT3,T,3,3,health,other,,mother,2,2,0,no,yes,yes,no,yes,yes,yes,no,4.0,5,4,2,3,3,2,4.25,4.25,4.25
78,GP,M,18,U,GT3,T,4,4,other,other,,mother,1,3,0,no,no,no,yes,yes,yes,yes,no,4.0,3,3,2,2,3,3,3.25,4.0,3.75
79,GP,F,18,U,LE3,T,3,3,services,services,,mother,1,4,0,no,yes,no,no,yes,yes,yes,no,5.0,3,3,1,1,1,7,5.0,4.75,5.25
80,GP,F,16,U,LE3,T,3,1,other,other,home,father,1,2,0,yes,yes,no,no,yes,yes,no,no,3.0,3,3,2,3,2,4,2.75,2.5,2.5
81,GP,F,15,U,GT3,T,4,4,services,at_home,,mother,1,3,0,no,yes,no,yes,yes,yes,yes,yes,4.0,3,3,1,1,5,0,3.75,1.0,1.0
82,GP,F,15,U,,T,2,2,other,other,,mother,1,4,0,yes,,yes,no,yes,yes,yes,no,,1,2,1,1,3,8,2.75,3.0,3.0
83,GP,F,16,U,GT3,T,4,4,health,health,,mother,1,2,0,no,yes,yes,no,yes,yes,yes,yes,4.0,4,2,1,1,3,0,4.5,4.5,4.5
84,GP,M,17,U,LE3,T,1,1,health,other,,mother,2,1,1,no,yes,no,yes,yes,yes,yes,no,4.0,4,4,1,2,5,2,2.75,3.25,3.0
85,MS,M,18,U,LE3,T,1,3,at_home,services,,mother,1,1,1,no,no,no,no,yes,no,yes,yes,4.0,3,3,2,3,3,7,3.0,2.75,3.0
86,GP,F,15,R,GT3,T,3,4,services,health,,mother,1,3,0,yes,yes,yes,yes,yes,yes,yes,no,4.0,3,2,1,1,5,-1,4.0,4.0,3.75
87,GP,F,16,U,GT3,T,1,1,services,services,,father,4,1,0,yes,yes,no,yes,no,yes,yes,yes,5.0,5,5,5,5,5,6,3.5,3.0,3.75
88,GP,F,18,U,GT3,T,4,4,teacher,other,,mother,1,2,0,no,yes,yes,no,yes,yes,yes,no,4.0,4,4,3,3,5,2,3.75,3.75,3.75
89,GP,M,15,U,GT3,A,2,2,other,other,,other,1,3,0,no,yes,no,no,yes,yes,yes,yes,4.0,5,2,1,1,3,0,4.5,5.0,5.0
90,GP,F,16,U,LE3,T,4,4,health,health,,mother,1,3,0,no,yes,yes,yes,yes,yes,yes,yes,5.0,4,5,1,1,4,4,4.5,4.75,5.0
91,GP,M,18,U,LE3,T,4,4,teacher,teacher,home,mother,1,1,0,no,yes,yes,no,yes,yes,yes,yes,1.0,4,2,2,2,1,5,5.0,4.75,5.0
92,GP,M,16,R,GT3,T,4,2,teacher,services,,mother,1,1,0,no,yes,no,yes,yes,yes,yes,yes,4.0,3,3,3,4,3,10,3.5,3.0,3.25
93,GP,M,17,U,LE3,T,2,2,other,other,,father,1,2,0,no,no,yes,yes,no,yes,yes,yes,4.0,4,2,5,5,4,4,4.5,4.25,4.25
94,MS,M,19,R,GT3,T,1,1,other,services,,mother,2,1,1,no,no,no,no,yes,yes,no,no,4.0,3,2,1,3,5,0,2.5,2.25,1.0
95,GP,M,16,U,GT3,T,3,2,other,other,,mother,1,1,0,no,yes,yes,no,no,yes,yes,no,5.0,4,3,1,1,5,0,4.0,4.5,4.75
96,GP,M,15,R,GT3,T,3,4,at_home,teacher,,mother,4,2,0,no,yes,no,no,yes,yes,no,yes,5.0,3,3,1,1,5,0,3.25,1.0,1.0
97,MS,M,19,U,LE3,T,1,1,other,at_home,course,father,1,1,0,no,no,no,no,yes,yes,yes,no,3.0,2,3,3,3,5,5,3.0,3.25,3.25
98,GP,M,16,U,,A,3,4,services,other,home,mother,1,2,0,yes,,no,yes,yes,yes,yes,no,,3,3,1,1,5,4,3.75,3.75,3.75
99,GP,M,15,U,GT3,T,4,4,health,health,other,father,1,1,0,no,yes,yes,no,yes,yes,yes,no,5.0,4,2,1,1,5,0,4.0,4.75,4.75
100,GP,F,16,U,LE3,T,2,2,other,at_home,,father,2,2,1,yes,no,no,yes,yes,yes,yes,no,4.0,3,3,2,2,5,14,3.5,3.5,3.25
101,GP,F,16,U,LE3,T,1,2,other,services,,father,1,2,0,yes,no,no,yes,yes,yes,yes,no,4.0,4,3,1,1,1,4,3.0,3.5,3.25
102,GP,F,17,R,GT3,T,2,2,other,other,,mother,1,1,0,no,yes,no,no,yes,yes,yes,no,5.0,3,2,1,2,3,18,2.75,2.5,2.5
103,GP,F,19,U,GT3,T,2,1,services,services,,other,1,3,1,no,no,yes,yes,yes,yes,yes,yes,4.0,3,4,1,3,3,4,3.75,4.0,3.75
104,GP,F,15,R,GT3,T,2,4,services,health,,mother,1,3,0,yes,yes,yes,yes,yes,yes,yes,no,4.0,3,2,1,1,5,2,3.5,3.25,3.0
105,GP,M,17,U,GT3,T,2,1,other,other,,mother,1,1,3,no,yes,no,no,yes,yes,yes,no,5.0,4,5,1,2,5,0,2.25,1.0,1.0
106,GP,F,16,U,GT3,T,4,2,services,other,,mother,1,2,0,no,yes,no,no,yes,yes,yes,no,4.0,2,3,1,1,5,2,4.75,5.0,5.0
107,GP,F,16,U,GT3,T,2,2,services,other,,mother,2,2,0,no,no,yes,yes,no,yes,yes,no,3.0,4,4,1,4,5,2,4.25,4.25,3.75
108,GP,M,15,U,GT3,T,4,4,services,services,,mother,2,2,0,no,yes,no,yes,yes,yes,yes,no,4.0,3,1,1,1,5,0,5.25,5.0,5.25
109,GP,M,18,U,GT3,T,2,2,other,services,,father,1,2,1,no,no,no,no,yes,no,yes,no,5.0,5,4,3,5,2,0,2.75,2.75,1.0
110,GP,F,16,U,GT3,T,4,4,services,services,,mother,1,3,0,no,yes,yes,yes,yes,yes,yes,no,3.0,2,3,1,2,2,6,4.25,4.5,4.5
111,GP,F,15,U,GT3,T,1,2,at_home,other,,mother,1,2,0,no,yes,yes,no,no,yes,yes,no,4.0,3,2,1,1,5,2,3.5,3.75,3.75
112,GP,F,17,R,GT3,T,2,1,at_home,services,,mother,2,2,0,no,yes,no,yes,yes,yes,yes,no,4.0,2,5,1,2,5,2,2.5,2.5,2.5
113,MS,F,17,U,GT3,T,2,2,other,at_home,,mother,1,3,0,no,no,no,yes,yes,yes,no,yes,3.0,4,3,1,1,3,8,4.25,3.75,3.75
114,GP,F,15,R,,T,3,1,other,other,reputation,father,2,4,0,no,,no,no,no,yes,yes,no,,4,2,2,3,3,12,5.0,5.0,5.0
115,GP,F,18,U,GT3,T,4,3,other,other,,mother,1,3,0,no,yes,yes,yes,yes,yes,yes,yes,4.0,3,4,1,1,5,9,3.25,3.5,3.25
116,GP,M,16,U,LE3,T,2,2,other,other,,mother,2,2,0,no,yes,no,yes,yes,yes,yes,no,5.0,4,4,2,4,5,0,4.25,4.25,4.0
117,GP,F,18,U,LE3,T,4,3,other,other,,other,2,2,0,no,yes,yes,no,yes,yes,yes,yes,4.0,4,5,1,2,2,10,3.5,3.0,3.0
118,GP,M,16,R,GT3,T,4,3,services,other,,mother,2,1,0,yes,yes,no,yes,no,yes,yes,no,3.0,3,3,1,1,4,2,3.75,4.75,4.75
119,GP,M,16,U,GT3,T,4,3,teacher,other,,mother,1,2,0,no,yes,yes,yes,yes,yes,yes,no,3.0,4,3,2,3,3,10,3.25,3.0,3.0
120,GP,F,17,U,GT3,T,3,2,other,other,,mother,1,2,0,no,no,no,yes,no,yes,yes,no,5.0,3,4,1,3,3,10,5.0,4.75,4.75
121,GP,M,15,U,LE3,T,2,2,services,health,reputation,mother,1,4,0,no,yes,no,yes,yes,yes,yes,no,4.0,3,4,1,1,4,6,3.75,4.25,4.5
122,MS,F,17,U,LE3,A,3,2,services,other,,mother,2,2,0,no,no,no,no,yes,yes,no,yes,1.0,2,3,1,2,5,2,4.0,4.0,3.75
123,GP,M,15,U,LE3,A,3,2,services,other,home,mother,1,2,0,no,yes,yes,no,yes,yes,yes,no,4.0,2,2,1,1,1,0,5.0,5.5,5.75
124,GP,F,18,R,GT3,T,4,4,teacher,other,reputation,mother,2,2,0,no,no,yes,yes,yes,yes,yes,no,4.0,3,4,2,2,4,8,4.0,3.5,3.75
125,GP,F,18,U,GT3,T,2,3,other,services,,father,1,4,0,no,yes,yes,yes,yes,yes,yes,yes,4.0,5,5,1,3,2,4,4.75,4.5,4.5
126,GP,F,17,U,GT3,T,3,4,at_home,services,,mother,1,3,1,no,yes,yes,no,yes,yes,yes,yes,4.0,4,3,3,4,5,28,3.5,3.25,3.25
127,GP,M,18,U,,T,2,1,services,services,,mother,1,3,0,no,,yes,yes,yes,yes,yes,no,,2,4,1,3,2,6,4.75,4.5,4.5
128,GP,M,17,U,GT3,T,3,3,other,services,,mother,1,1,0,no,no,no,yes,no,yes,yes,no,4.0,3,5,3,5,5,3,4.5,4.75,5.0
129,GP,M,18,R,LE3,T,3,2,services,other,,mother,2,3,0,no,yes,yes,yes,yes,yes,yes,no,5.0,4,2,1,1,4,8,4.5,4.25,4.5
130,GP,M,15,U,LE3,T,2,2,services,services,,mother,2,2,0,no,no,yes,yes,yes,yes,yes,no,5.0,3,3,1,3,4,4,4.75,4.75,4.75
131,GP,M,15,U,GT3,T,4,4,services,other,,mother,1,1,0,no,yes,no,yes,no,yes,yes,no,5.0,3,3,1,1,5,4,3.5,4.25,4.5
132,GP,M,20,U,GT3,A,3,2,services,other,,other,1,1,0,no,no,no,yes,yes,yes,no,no,5.0,5,3,1,1,5,0,5.25,5.5,5.5
133,GP,F,15,U,LE3,A,3,3,other,other,,mother,1,1,0,no,no,yes,no,yes,yes,yes,no,5.0,3,4,4,4,1,6,3.5,4.25,4.25
134,GP,F,16,U,GT3,T,3,1,services,other,,mother,1,4,0,yes,yes,yes,no,yes,yes,yes,no,4.0,3,3,1,2,5,4,2.75,2.75,2.5
135,GP,F,18,R,GT3,T,3,1,other,other,,mother,1,2,1,no,no,no,yes,yes,yes,yes,yes,5.0,3,3,1,1,4,-1,3.25,3.0,2.75
136,GP,F,19,U,GT3,T,2,1,at_home,other,other,other,3,2,0,no,yes,no,no,yes,no,yes,yes,3.0,4,1,1,1,2,20,4.5,4.0,4.25
137,GP,F,17,U,GT3,T,2,2,other,other,course,mother,1,2,0,no,yes,no,no,no,yes,yes,no,5.0,4,5,1,2,5,4,3.5,3.25,3.75
138,GP,F,17,U,GT3,A,3,3,health,other,,mother,1,2,0,no,yes,no,no,no,yes,yes,yes,3.0,3,3,1,3,3,6,3.0,2.75,3.25
139,GP,F,19,U,GT3,T,3,3,other,services,,other,1,2,2,no,yes,yes,yes,yes,yes,yes,no,4.0,3,5,3,3,5,15,3.25,3.25,3.25
140,GP,M,17,R,LE3,T,1,2,other,other,,mother,1,1,0,no,no,no,no,yes,yes,no,no,2.0,2,2,3,3,5,8,5.0,4.0,4.25
141,GP,F,16,U,GT3,T,2,1,other,other,,mother,1,1,0,no,no,no,no,yes,yes,yes,yes,4.0,5,2,1,1,5,20,4.25,4.0,4.0
142,GP,F,17,U,GT3,T,4,2,other,other,,mother,2,3,0,no,yes,yes,no,yes,yes,yes,no,4.0,3,3,1,1,3,0,4.75,4.0,4.5
143,GP,F,15,U,GT3,A,3,3,other,health,,father,1,4,0,yes,no,no,no,yes,yes,no,no,4.0,3,3,1,1,4,10,3.5,3.75,3.75
144,GP,F,17,U,GT3,T,2,4,services,services,,father,1,2,0,no,yes,no,yes,yes,yes,no,no,5.0,4,2,2,3,5,0,5.0,5.25,5.25
145,GP,F,18,U,GT3,T,2,2,at_home,services,,mother,1,3,0,no,yes,yes,yes,yes,yes,yes,yes,4.0,3,3,1,1,3,0,3.25,3.5,1.0
146,MS,M,18,R,GT3,T,3,2,other,other,course,mother,2,1,1,no,yes,no,no,no,yes,yes,no,2.0,5,5,5,5,5,10,3.75,4.25,4.25
147,GP,M,16,U,GT3,T,4,4,teacher,teacher,,father,1,2,0,no,yes,no,yes,yes,yes,yes,no,5.0,4,4,1,2,5,-1,4.75,4.75,5.0
148,GP,M,15,U,GT3,T,4,2,teacher,other,,mother,1,2,0,no,yes,yes,no,yes,yes,no,no,4.0,3,3,2,2,5,-1,4.75,4.75,4.5
149,GP,F,15,U,GT3,T,4,4,teacher,health,,mother,1,2,0,no,yes,yes,no,yes,yes,yes,no,3.0,3,3,1,2,2,0,3.5,3.0,3.25
150,GP,M,18,U,GT3,T,4,2,health,other,,father,1,2,0,no,yes,yes,yes,yes,yes,yes,yes,5.0,4,5,1,3,5,10,3.5,3.25,3.5
151,GP,M,17,U,LE3,T,4,4,other,teacher,home,father,2,1,0,no,no,yes,no,yes,yes,yes,no,4.0,1,1,2,2,5,0,3.75,3.75,3.5
152,GP,F,16,U,GT3,T,3,3,other,services,,mother,1,2,0,yes,yes,yes,yes,yes,yes,yes,no,4.0,3,3,2,4,5,54,3.75,4.0,3.75
153,GP,F,17,U,GT3,T,4,4,teacher,teacher,,mother,2,3,0,no,yes,yes,no,no,yes,yes,yes,4.0,3,3,1,2,4,4,4.5,4.5,4.5
154,GP,M,16,U,GT3,T,3,1,other,other,,father,2,4,0,no,yes,yes,no,yes,yes,yes,no,4.0,3,2,1,1,5,0,4.25,4.75,4.75
155,GP,M,16,U,LE3,T,2,1,other,other,,mother,1,2,0,no,no,yes,yes,yes,yes,yes,yes,4.0,2,3,1,2,5,0,4.75,4.75,4.75
156,MS,M,18,R,GT3,T,2,1,other,other,,mother,2,1,0,no,no,no,yes,no,yes,yes,yes,4.0,4,3,1,3,5,5,2.75,2.5,2.75
157,GP,M,16,U,GT3,T,1,0,other,other,,mother,2,2,0,no,yes,yes,yes,yes,yes,yes,yes,4.0,3,2,1,1,3,2,4.25,4.75,5.0
158,GP,M,18,U,GT3,T,2,2,services,other,,mother,1,2,1,no,yes,yes,yes,yes,yes,yes,no,4.0,4,4,2,4,5,15,2.5,2.75,3.0
159,GP,M,17,U,LE3,A,4,1,services,other,,mother,2,1,0,no,no,yes,yes,yes,yes,yes,yes,4.0,5,4,2,4,5,30,3.0,3.0,3.0
160,GP,F,15,U,LE3,T,4,3,services,services,,father,1,2,0,yes,no,no,yes,yes,yes,yes,yes,4.0,4,4,2,4,2,0,3.5,3.5,3.5
161,GP,M,18,U,LE3,T,4,3,teacher,services,,mother,2,1,0,no,no,yes,yes,yes,yes,yes,no,4.0,2,3,1,2,1,8,3.5,3.75,3.5
162,MS,M,17,R,GT3,T,4,3,services,other,home,mother,2,2,0,no,yes,yes,yes,no,yes,yes,yes,4.0,5,5,1,3,2,4,4.25,3.75,3.75
163,MS,F,18,R,LE3,T,4,4,teacher,services,,mother,1,2,0,no,no,yes,yes,yes,yes,yes,no,5.0,4,3,3,4,2,4,3.0,3.25,3.5
164,GP,F,17,U,GT3,T,1,1,at_home,other,,mother,1,3,1,no,yes,no,yes,yes,yes,no,yes,4.0,3,4,1,1,5,0,2.5,2.25,1.0
165,GP,M,17,U,GT3,T,2,3,other,other,,father,2,1,0,no,no,no,no,yes,yes,yes,no,5.0,2,2,1,1,2,4,4.0,4.0,4.25
166,GP,F,19,U,LE3,T,3,2,services,other,,other,2,2,1,no,yes,yes,no,no,yes,yes,yes,4.0,2,2,1,2,1,22,4.25,3.5,3.75
167,MS,F,18,U,GT3,T,1,1,other,other,,mother,2,2,1,no,no,no,yes,yes,yes,no,no,1.0,1,1,1,1,5,0,2.5,2.25,1.0
168,GP,F,19,R,GT3,A,3,1,services,at_home,home,other,1,3,1,no,no,yes,no,yes,yes,no,no,5.0,4,3,1,2,5,12,4.5,4.25,4.25
169,GP,M,18,U,LE3,T,2,2,other,other,,mother,1,4,0,no,yes,no,yes,yes,yes,yes,no,4.0,5,5,2,4,5,2,3.25,3.0,3.0
170,GP,M,16,U,,T,2,1,at_home,other,,mother,1,1,1,no,,no,yes,yes,yes,no,yes,,4,4,3,5,5,6,4.0,4.25,4.5
171,GP,F,18,U,GT3,T,4,3,other,other,,father,1,4,0,no,yes,yes,no,yes,yes,yes,no,4.0,3,3,1,1,3,0,4.5,4.25,4.5
172,MS,F,17,U,LE3,T,4,4,at_home,at_home,,mother,1,2,0,no,yes,yes,yes,yes,yes,yes,yes,2.0,3,4,1,1,1,0,5.0,4.75,4.75
173,GP,F,18,U,GT3,T,3,2,other,services,,mother,1,3,0,no,no,no,no,yes,yes,yes,yes,5.0,4,3,2,3,1,7,4.25,4.25,4.5
174,GP,F,18,U,GT3,T,2,3,at_home,other,,mother,1,3,0,no,yes,no,no,yes,yes,yes,no,4.0,3,3,1,2,3,4,3.75,3.5,3.5
175,GP,M,15,U,GT3,A,4,4,other,services,,mother,1,4,0,no,yes,no,yes,no,yes,yes,yes,1.0,3,3,5,5,3,4,4.25,4.25,4.0
176,GP,F,15,U,GT3,T,1,1,at_home,other,,mother,3,1,0,no,yes,no,yes,no,yes,yes,yes,4.0,3,3,1,2,4,-1,3.0,1.0,1.0
177,GP,F,16,U,GT3,T,1,3,at_home,services,,mother,1,2,3,no,no,no,yes,no,yes,yes,yes,4.0,3,5,1,1,3,0,3.0,2.75,1.0
178,GP,M,17,U,GT3,T,1,2,at_home,services,,other,2,2,0,no,no,yes,yes,no,yes,yes,no,4.0,4,4,4,5,5,12,2.75,3.0,3.0
179,GP,M,17,R,GT3,T,1,2,at_home,other,home,mother,1,2,0,no,no,no,no,yes,yes,no,no,3.0,1,3,1,5,3,4,3.0,3.25,3.5
180,GP,M,17,U,LE3,T,4,3,health,other,,mother,2,2,0,no,no,no,yes,yes,yes,yes,yes,2.0,5,5,1,4,5,14,4.0,4.0,4.0
181,GP,M,16,U,,T,4,4,services,services,,mother,1,1,0,yes,,yes,yes,yes,yes,yes,no,,5,5,5,5,4,14,2.75,2.75,2.25
182,GP,M,17,R,GT3,T,3,4,at_home,other,,mother,3,2,0,no,no,no,no,yes,yes,no,no,5.0,4,5,2,4,5,0,3.5,1.0,1.0
183,GP,F,17,U,GT3,T,4,3,other,other,reputation,mother,1,2,2,no,no,yes,no,yes,yes,yes,yes,3.0,4,5,2,4,1,22,2.5,2.5,2.0
184,MS,M,19,R,GT3,T,1,1,other,services,,other,3,2,3,no,no,no,no,yes,yes,yes,no,5.0,4,4,3,3,2,8,3.0,2.75,3.0
185,GP,F,15,R,GT3,T,1,1,other,other,,mother,1,2,2,yes,yes,no,no,no,yes,yes,yes,3.0,3,4,2,4,5,2,3.0,2.5,2.25
186,GP,M,16,U,GT3,T,2,2,services,other,,father,2,2,1,no,no,yes,yes,no,yes,yes,no,4.0,4,2,1,1,3,12,3.75,3.5,3.5
187,GP,F,15,U,GT3,T,1,2,at_home,services,,mother,1,2,0,no,no,no,no,no,yes,yes,no,3.0,2,3,1,2,1,2,5.0,4.75,4.75
188,GP,F,19,U,LE3,T,1,1,at_home,other,,other,1,2,1,yes,yes,no,yes,no,yes,yes,no,4.0,4,3,1,3,3,18,4.0,3.5,3.5
189,GP,M,18,U,GT3,T,2,1,services,services,,mother,1,1,1,no,no,no,no,no,no,yes,no,3.0,2,5,2,5,5,4,2.5,3.25,3.0
190,MS,M,18,U,GT3,T,4,4,teacher,teacher,,father,1,2,0,no,no,yes,yes,no,yes,yes,no,3.0,2,4,1,4,2,4,4.75,4.5,4.5
191,GP,M,19,U,GT3,T,3,3,other,other,,other,1,2,1,no,yes,no,yes,yes,yes,yes,yes,4.0,4,4,1,1,3,20,4.75,4.5,4.25
192,GP,M,16,U,GT3,T,2,1,other,other,,mother,3,1,0,no,no,no,no,yes,yes,yes,no,4.0,3,3,1,1,4,6,5.5,5.5,5.5
193,GP,M,16,U,GT3,T,3,3,other,services,,father,2,1,0,no,no,no,yes,yes,yes,yes,no,5.0,4,2,1,1,5,0,4.25,4.5,4.25
194,GP,F,15,U,GT3,T,4,2,health,services,,mother,1,3,0,no,yes,yes,yes,yes,yes,yes,yes,3.0,2,2,1,1,5,2,4.75,4.5,4.75
195,GP,F,16,U,GT3,A,3,4,services,other,course,father,1,1,0,no,no,no,no,yes,yes,yes,no,3.0,2,1,1,4,5,16,4.0,3.75,3.75
196,GP,M,15,U,LE3,T,1,2,other,at_home,,father,1,2,0,yes,yes,no,yes,yes,yes,yes,no,4.0,3,2,1,1,5,2,3.25,3.5,3.25
197,GP,M,16,R,GT3,A,4,4,other,teacher,reputation,mother,2,3,0,no,yes,no,yes,yes,yes,yes,yes,2.0,4,3,1,1,5,7,4.75,5.0,4.75
198,GP,F,16,U,GT3,T,3,3,other,other,,father,1,2,0,no,yes,yes,no,yes,yes,no,no,4.0,3,2,1,2,5,4,2.5,3.5,3.5
199,GP,F,17,R,GT3,T,2,1,at_home,services,course,mother,3,2,0,no,no,no,yes,yes,yes,no,no,2.0,1,1,1,1,3,2,4.25,3.75,3.75
200,GP,F,16,R,GT3,T,3,3,services,other,,father,1,3,1,yes,yes,no,yes,yes,yes,yes,no,4.0,1,2,1,1,2,-1,2.75,3.5,3.5
201,GP,M,15,U,GT3,T,4,4,health,services,,mother,1,2,0,no,yes,yes,no,no,yes,yes,no,5.0,4,2,3,4,5,0,3.25,3.75,4.0
202,GP,F,17,U,LE3,T,2,2,services,services,,father,1,4,0,no,no,yes,yes,yes,yes,yes,yes,3.0,4,1,1,1,2,0,3.5,3.25,1.0
203,GP,M,19,R,GT3,T,3,3,other,services,,father,1,2,1,no,no,no,yes,yes,yes,no,yes,4.0,5,3,1,2,5,0,4.75,4.0,4.0
204,GP,M,15,U,GT3,T,4,3,teacher,other,,mother,2,2,0,no,yes,yes,no,yes,yes,yes,no,5.0,4,3,1,2,3,2,3.5,3.5,3.75
205,GP,F,16,U,GT3,T,2,3,other,other,,mother,1,2,0,yes,yes,yes,yes,yes,yes,no,no,4.0,4,3,1,3,4,6,3.0,3.5,3.5
206,GP,F,17,U,GT3,A,2,2,at_home,at_home,home,father,1,2,1,no,yes,no,no,yes,yes,yes,yes,3.0,3,1,1,2,4,0,3.25,3.0,1.0
207,GP,F,17,U,LE3,T,3,2,other,other,,mother,2,2,0,no,no,yes,no,yes,yes,yes,no,4.0,4,4,1,3,1,2,4.5,4.75,4.75
208,GP,M,16,R,GT3,T,2,2,at_home,other,,mother,3,1,0,no,no,no,no,no,yes,no,no,4.0,2,2,1,2,3,2,5.25,4.75,4.75
209,GP,M,16,U,GT3,T,3,2,services,services,,mother,2,1,1,no,yes,no,yes,no,no,no,no,4.0,5,2,1,1,2,16,4.0,3.75,4.0
210,GP,F,16,R,GT3,T,4,4,health,teacher,,mother,1,2,0,no,yes,no,yes,yes,yes,no,no,2.0,4,4,2,3,4,6,3.5,3.75,3.75
211,GP,M,16,U,LE3,A,4,4,teacher,health,,mother,1,2,0,no,yes,no,no,yes,yes,no,no,4.0,1,3,3,5,5,18,3.0,2.5,2.75
212,GP,F,15,U,GT3,T,1,1,other,other,,father,1,2,0,no,yes,no,yes,no,yes,yes,no,4.0,3,2,2,3,4,2,3.25,3.5,3.5
213,GP,F,17,R,GT3,T,3,4,at_home,services,,father,1,3,0,no,yes,yes,yes,no,yes,yes,no,4.0,3,4,2,5,5,0,3.75,3.75,3.5
214,GP,M,16,U,LE3,T,2,2,services,services,,father,2,1,2,no,yes,no,yes,yes,yes,yes,no,2.0,3,3,2,2,2,8,3.25,3.25,3.25
215,GP,F,16,R,GT3,T,2,2,services,services,,mother,2,4,0,no,yes,yes,yes,no,yes,yes,no,5.0,3,5,1,1,5,6,3.5,3.5,3.75
216,GP,F,16,U,LE3,T,2,2,at_home,other,,mother,1,2,0,no,yes,no,no,yes,yes,no,no,4.0,3,4,1,2,2,4,3.0,2.75,2.5
217,GP,F,18,U,GT3,T,1,1,other,other,,mother,2,2,0,yes,no,no,yes,yes,yes,yes,no,5.0,4,4,1,1,4,4,3.0,3.25,3.5
218,GP,F,18,U,GT3,T,4,3,services,other,,father,1,2,0,no,yes,yes,no,yes,yes,yes,yes,3.0,1,2,1,3,2,21,5.25,5.5,5.5
219,GP,F,16,U,,T,1,1,at_home,other,,mother,2,1,0,no,,yes,no,yes,yes,no,no,,3,2,1,4,5,6,3.25,3.25,3.5
220,GP,M,16,U,GT3,T,4,4,health,other,reputation,father,1,2,0,no,yes,yes,yes,yes,yes,yes,no,4.0,2,4,2,4,1,2,4.5,4.25,4.25
221,GP,M,18,U,GT3,T,4,2,teacher,other,,mother,1,2,0,no,yes,yes,yes,yes,yes,yes,yes,4.0,3,2,1,4,5,11,4.0,3.75,3.75
222,MS,F,18,R,GT3,T,2,2,at_home,other,,mother,2,3,0,no,no,yes,no,yes,yes,no,no,5.0,3,3,1,3,4,2,3.5,3.25,3.5
223,GP,F,16,U,GT3,T,4,4,other,other,,mother,1,1,0,no,no,no,yes,no,yes,yes,no,5.0,3,4,1,2,1,6,3.75,4.5,4.5
224,GP,F,17,U,GT3,T,3,2,health,health,,father,1,4,0,no,yes,yes,yes,no,yes,yes,no,5.0,2,2,1,2,5,0,5.25,5.25,5.5
225,GP,M,18,U,LE3,T,2,1,at_home,other,course,mother,4,2,0,yes,yes,yes,yes,yes,yes,yes,yes,4.0,3,2,4,5,3,14,3.5,3.0,3.25
226,GP,F,18,U,LE3,A,4,4,health,other,,mother,1,2,0,no,yes,no,no,yes,yes,yes,yes,4.0,2,4,1,1,4,14,4.0,3.5,3.75
227,GP,M,16,R,GT3,T,2,1,other,other,,mother,2,1,0,no,no,no,yes,no,yes,no,no,3.0,3,2,1,3,3,0,3.0,3.25,3.0
228,GP,M,17,U,LE3,T,4,3,teacher,other,,mother,2,2,0,no,no,yes,yes,yes,yes,yes,no,4.0,4,4,4,4,4,4,3.5,3.25,3.25
229,GP,M,18,R,GT3,T,4,3,teacher,services,,mother,1,3,0,no,no,no,no,yes,yes,yes,yes,5.0,3,2,1,2,4,9,5.0,4.75,5.0
230,GP,F,17,U,GT3,T,2,2,at_home,at_home,,mother,1,3,0,no,yes,yes,yes,yes,yes,yes,no,4.0,3,3,1,1,4,4,3.25,3.5,3.5
231,GP,M,16,R,GT3,T,3,3,services,services,,mother,1,1,0,no,yes,no,yes,yes,yes,yes,no,4.0,3,2,3,4,5,8,3.0,3.25,3.5
232,GP,M,16,U,LE3,T,2,2,other,other,,mother,1,2,0,no,no,no,no,yes,yes,yes,no,4.0,4,4,1,1,3,0,4.0,4.0,3.75
233,MS,M,18,U,LE3,T,1,1,other,services,,father,2,1,0,no,no,no,no,no,yes,yes,yes,3.0,3,2,1,2,3,4,3.5,3.5,3.5
234,GP,M,18,R,LE3,A,3,4,other,other,,mother,2,2,0,no,yes,yes,yes,yes,yes,yes,no,4.0,2,5,3,4,1,13,5.25,5.25,5.25
235,GP,M,16,U,GT3,T,3,3,services,other,,mother,1,2,0,no,no,yes,yes,yes,yes,yes,yes,4.0,2,3,1,2,3,2,4.0,4.25,4.0
236,GP,M,15,U,GT3,T,4,3,teacher,other,reputation,mother,1,2,0,no,no,no,no,yes,yes,yes,no,4.0,4,1,1,1,1,0,4.25,4.5,4.75
237,GP,F,17,U,GT3,T,2,3,at_home,other,,father,2,1,0,no,yes,yes,no,yes,yes,no,no,3.0,3,3,1,4,3,3,2.75,2.75,3.0
238,GP,M,15,U,LE3,T,4,4,teacher,other,,other,1,1,0,no,yes,no,no,no,yes,yes,yes,5.0,4,3,2,4,5,-1,4.0,4.0,4.0
239,GP,M,16,U,GT3,T,2,2,other,other,,father,1,2,0,no,no,no,no,yes,no,yes,no,4.0,3,5,2,4,4,4,3.5,3.5,3.5
240,GP,F,15,U,GT3,T,4,4,teacher,services,course,mother,1,3,0,no,yes,yes,yes,yes,yes,yes,no,4.0,2,2,1,1,5,2,3.25,3.75,3.75
241,GP,F,16,U,LE3,T,4,3,teacher,services,,mother,3,2,0,no,yes,no,yes,yes,yes,yes,no,5.0,4,3,1,2,1,2,5.0,4.75,4.75
242,GP,F,16,U,GT3,T,4,4,teacher,services,,mother,1,3,0,no,yes,no,yes,no,yes,yes,no,5.0,3,2,1,1,5,0,4.25,4.25,4.5
243,GP,F,15,U,,T,3,2,health,services,,father,1,2,3,no,,no,no,yes,yes,yes,no,,3,2,1,1,3,0,2.5,2.75,1.0
244,GP,F,17,U,LE3,T,2,4,services,services,,father,1,2,0,no,no,no,yes,yes,yes,yes,yes,4.0,3,2,1,1,5,0,4.5,4.75,4.75
245,GP,F,16,U,LE3,T,2,2,other,other,,mother,2,2,1,no,yes,no,yes,no,yes,yes,yes,3.0,3,3,1,2,3,25,2.75,3.5,3.75
246,GP,F,16,U,LE3,A,3,3,other,services,,mother,1,2,0,no,yes,no,no,yes,yes,yes,no,2.0,3,5,1,4,3,12,3.75,4.0,3.75
247,GP,M,17,R,LE3,A,4,4,teacher,other,course,mother,2,2,0,no,yes,yes,no,yes,yes,yes,no,3.0,3,3,2,3,4,2,3.5,3.75,4.0
248,GP,F,15,U,,T,4,4,services,teacher,,father,1,2,1,yes,,no,yes,no,yes,yes,no,,4,4,1,1,3,2,2.75,2.75,2.75
249,GP,F,17,U,GT3,T,4,4,services,teacher,,mother,2,1,1,no,yes,no,no,yes,yes,yes,no,4.0,2,4,2,3,2,24,5.5,5.5,5.5
250,GP,F,18,U,GT3,T,2,4,services,at_home,,other,1,2,1,no,yes,yes,yes,yes,yes,yes,no,4.0,4,3,1,1,3,8,4.5,4.0,4.0
251,GP,M,15,U,,A,3,4,services,other,,mother,1,2,0,no,,yes,yes,yes,yes,yes,no,,4,4,1,1,1,0,5.0,5.5,5.5
252,GP,M,18,U,GT3,T,4,3,teacher,other,,mother,1,2,0,no,yes,yes,no,no,yes,yes,no,4.0,3,2,1,1,3,2,3.0,3.0,3.0
253,GP,M,17,U,GT3,T,4,4,teacher,teacher,,mother,1,2,0,yes,yes,no,yes,yes,yes,yes,yes,4.0,5,5,1,3,2,14,3.75,3.25,3.25
254,GP,M,18,U,LE3,T,3,3,services,health,home,father,1,2,1,no,yes,yes,no,yes,yes,yes,no,3.0,2,4,2,4,4,13,2.5,2.5,3.0
255,MS,F,17,R,GT3,T,1,2,other,other,,mother,1,1,0,no,no,no,yes,yes,yes,yes,no,3.0,5,5,1,3,1,14,2.5,2.25,2.25
256,MS,M,18,U,LE3,T,4,4,teacher,services,,mother,2,3,0,no,no,yes,no,yes,yes,yes,yes,4.0,2,2,2,2,5,0,4.25,4.25,4.25
257,GP,M,17,U,GT3,T,4,4,services,teacher,,mother,1,1,0,no,no,no,no,yes,yes,yes,no,5.0,2,3,1,2,5,4,5.25,4.75,5.0
258,GP,F,15,U,LE3,T,3,2,services,other,,mother,1,2,0,no,yes,yes,no,yes,yes,yes,no,4.0,4,4,1,1,5,10,2.75,2.5,2.5
259,GP,M,17,U,,T,1,3,at_home,services,,father,1,1,0,no,,no,no,yes,no,yes,no,,3,3,1,4,2,2,3.5,3.5,3.5
260,MS,F,18,R,LE3,A,1,4,at_home,other,,mother,3,2,0,no,no,no,no,yes,yes,no,yes,4.0,3,4,1,4,5,0,4.25,4.25,4.25
261,GP,F,15,R,GT3,T,2,2,at_home,other,reputation,mother,1,1,0,yes,yes,yes,yes,yes,yes,no,no,4.0,3,1,1,1,2,8,4.5,4.25,4.25
262,GP,M,15,R,GT3,T,4,4,other,other,,father,4,4,0,no,yes,yes,yes,yes,yes,yes,yes,1.0,3,5,3,5,1,6,3.5,4.25,4.25
263,GP,M,17,R,GT3,T,2,2,other,other,,father,2,2,0,no,yes,yes,yes,yes,yes,yes,no,4.0,5,2,1,1,1,4,3.75,3.75,3.75
264,MS,F,19,R,GT3,T,2,3,services,other,,mother,1,3,1,no,no,no,yes,no,yes,yes,no,5.0,4,2,1,2,5,0,2.75,2.25,1.0
265,GP,M,17,U,GT3,T,1,1,other,other,,father,1,2,0,no,no,yes,no,no,yes,yes,no,4.0,3,3,1,2,4,2,4.0,3.5,3.75
266,GP,M,16,U,LE3,T,1,2,other,other,,mother,2,1,1,no,no,no,yes,yes,yes,no,no,4.0,4,4,2,4,5,0,2.75,1.0,1.0
267,GP,F,17,U,LE3,T,4,2,teacher,services,,mother,1,4,0,no,yes,yes,yes,yes,yes,yes,no,4.0,2,3,1,1,4,6,4.5,4.0,4.25
268,GP,M,16,U,GT3,T,4,4,teacher,teacher,,mother,1,1,0,no,yes,no,no,yes,no,yes,yes,3.0,3,2,2,1,5,0,2.75,2.5,1.0
269,GP,M,15,U,GT3,T,4,2,health,services,other,mother,1,1,0,no,no,yes,no,yes,yes,yes,no,2.0,2,4,2,4,1,4,4.75,5.0,4.75
270,GP,F,19,U,LE3,T,1,2,services,services,,other,1,2,1,no,no,no,yes,no,yes,no,yes,4.0,2,4,2,2,3,0,3.25,3.25,1.0
271,MS,M,17,U,GT3,T,2,3,other,services,home,father,2,2,0,no,no,no,yes,yes,yes,yes,no,4.0,4,3,1,1,3,2,3.75,3.75,3.5
272,GP,F,15,U,GT3,T,4,4,services,services,,mother,1,1,0,yes,yes,yes,no,yes,yes,yes,no,3.0,3,4,2,3,5,0,3.0,3.5,3.75
273,GP,M,17,R,GT3,T,2,1,other,other,,mother,1,1,0,no,no,no,no,no,yes,yes,no,4.0,4,2,2,4,5,0,3.0,4.0,4.0
274,GP,M,16,U,GT3,T,4,4,health,other,,mother,1,1,0,no,yes,no,yes,yes,yes,yes,no,3.0,4,4,1,4,5,18,4.5,3.75,4.25
275,GP,F,16,U,,T,4,3,teacher,health,,mother,1,3,0,yes,,yes,yes,yes,yes,yes,no,,4,4,2,4,4,2,3.5,3.25,3.25
276,GP,M,17,U,GT3,T,3,3,other,other,,father,1,2,0,no,no,no,yes,no,yes,yes,no,4.0,3,4,1,4,4,4,2.5,2.25,2.5
277,GP,F,17,U,GT3,T,1,1,at_home,other,,father,1,2,0,no,yes,no,no,no,yes,yes,no,5.0,3,3,1,1,3,4,2.25,2.25,2.5
278,MS,F,18,U,GT3,T,2,3,at_home,services,,father,2,1,0,no,yes,yes,no,yes,yes,yes,yes,5.0,2,3,1,2,4,0,3.75,3.5,3.5
279,MS,M,18,R,GT3,T,1,3,at_home,other,,mother,2,2,0,no,yes,yes,no,yes,yes,no,no,3.0,3,4,2,4,3,4,3.5,3.5,3.5
280,GP,M,17,U,LE3,A,3,2,teacher,services,,mother,1,1,1,no,no,no,no,yes,yes,yes,no,4.0,4,4,3,4,3,19,3.75,3.25,3.5
281,GP,M,18,U,GT3,T,3,2,services,other,course,mother,2,1,1,no,no,no,no,yes,no,yes,no,4.0,4,5,2,4,5,0,2.5,3.0,3.0
282,GP,F,18,R,GT3,T,2,1,other,other,,mother,2,2,0,no,yes,no,no,yes,no,yes,yes,4.0,3,5,1,2,3,0,2.5,1.0,1.0
283,GP,M,19,U,GT3,T,1,2,other,services,,other,1,2,1,no,no,no,no,no,yes,yes,no,4.0,5,2,2,2,4,3,4.25,3.75,3.75
284,GP,M,15,R,GT3,T,3,2,other,other,,mother,2,2,2,yes,yes,no,no,yes,yes,yes,yes,4.0,4,4,1,4,3,6,2.25,3.25,2.75
285,GP,F,16,U,GT3,T,2,3,services,teacher,,mother,1,2,0,yes,no,no,no,yes,yes,yes,no,2.0,3,1,1,1,3,2,5.0,5.0,5.25
286,GP,M,17,R,GT3,T,1,2,at_home,at_home,,mother,1,2,0,no,yes,yes,yes,no,yes,no,yes,3.0,5,2,2,2,1,2,4.75,4.5,4.5
287,GP,M,15,R,GT3,T,4,3,teacher,at_home,,mother,1,2,0,no,yes,no,yes,yes,yes,yes,yes,4.0,5,2,1,1,5,0,5.25,5.0,5.0
288,GP,M,16,U,GT3,T,3,3,other,services,,father,1,2,1,no,yes,yes,no,yes,yes,yes,yes,4.0,51,5,4,4,5,4,3.5,4.0,4.0
289,GP,F,15,U,GT3,T,2,1,services,other,,father,3,3,0,no,yes,no,yes,yes,yes,yes,no,5.0,2,2,1,1,4,4,3.5,4.0,4.0
290,GP,M,19,U,GT3,T,3,2,services,at_home,,mother,1,1,3,no,yes,no,no,yes,no,yes,yes,4.0,5,4,1,1,4,0,2.25,1.0,1.0
291,MS,M,18,R,LE3,T,1,1,at_home,other,,mother,2,2,1,no,no,no,yes,no,no,no,no,4.0,4,3,2,3,5,2,4.25,4.0,4.0
292,GP,F,15,U,,T,4,3,services,other,,mother,1,1,0,no,,yes,yes,yes,yes,yes,no,,5,5,1,3,1,4,5.0,5.25,5.5
293,MS,F,17,R,GT3,T,1,2,other,services,,father,2,2,0,no,no,no,no,no,yes,no,no,3.0,2,2,1,2,3,0,4.0,3.75,4.0
294,GP,M,15,U,GT3,T,3,4,services,services,,father,1,1,0,yes,no,no,no,yes,yes,yes,no,5.0,5,5,3,2,5,0,4.25,4.25,4.0
295,GP,M,16,U,GT3,T,3,3,at_home,other,,other,3,2,0,yes,yes,no,no,no,yes,yes,no,5.0,3,3,1,3,2,6,2.75,3.5,3.5
296,GP,F,15,U,GT3,A,4,3,services,services,,mother,1,2,0,no,yes,yes,yes,yes,yes,yes,no,4.0,3,2,1,1,1,0,4.5,4.75,4.75
297,MS,F,18,U,GT3,T,3,3,other,other,,mother,1,2,0,no,no,yes,no,yes,yes,yes,yes,4.0,1,3,1,2,1,0,4.75,4.75,4.75
298,GP,M,15,U,LE3,T,4,4,health,services,,father,1,1,0,no,yes,yes,yes,yes,yes,yes,no,4.0,3,3,1,3,5,2,4.5,4.5,4.5
299,GP,M,17,U,LE3,T,4,4,services,other,,mother,1,2,0,no,yes,yes,no,yes,yes,yes,yes,5.0,3,5,4,5,3,13,4.0,4.0,4.25
300,GP,F,17,U,LE3,T,3,3,other,other,,mother,1,2,0,no,yes,no,yes,yes,yes,yes,yes,5.0,3,3,2,3,1,56,3.25,3.25,3.0
301,GP,F,17,U,GT3,T,3,2,other,other,,mother,1,2,0,no,yes,yes,no,yes,yes,yes,yes,4.0,3,2,2,3,2,0,2.75,3.0,1.0
302,GP,M,17,R,GT3,T,2,2,services,other,,mother,4,1,0,no,yes,no,no,yes,yes,yes,no,4.0,4,5,5,5,4,8,3.75,3.5,3.5
303,GP,F,18,U,GT3,T,2,1,other,other,,other,2,3,0,no,yes,yes,no,no,yes,yes,yes,4.0,4,4,1,1,3,0,2.75,1.0,1.0
304,GP,M,15,U,GT3,T,2,2,other,other,,mother,1,1,0,no,yes,yes,no,yes,yes,yes,no,4.0,2,2,1,2,5,2,4.0,4.0,3.75
305,GP,M,16,U,LE3,T,4,2,teacher,other,,mother,1,2,0,no,no,no,yes,yes,yes,yes,no,4.0,56,1,1,3,5,2,4.75,4.75,5.0
306,GP,M,17,U,GT3,T,3,3,services,services,,mother,1,2,0,no,yes,no,yes,yes,yes,yes,yes,4.0,3,4,2,3,4,12,4.0,4.0,3.75
307,GP,F,17,R,GT3,T,2,4,at_home,other,course,father,1,3,0,no,yes,no,no,yes,yes,yes,yes,4.0,4,3,1,1,5,7,4.0,4.5,4.5
308,GP,F,19,U,GT3,T,4,4,health,other,,other,2,2,0,no,yes,yes,yes,yes,yes,yes,no,2.0,3,4,2,3,2,0,3.5,3.25,1.0
309,GP,F,17,U,GT3,T,2,4,at_home,health,,mother,2,2,0,no,yes,yes,no,yes,yes,yes,yes,4.0,3,3,1,1,1,2,3.5,3.5,3.5
310,GP,F,15,U,GT3,T,3,2,services,other,,mother,2,2,0,yes,yes,yes,no,yes,yes,yes,no,4.0,3,5,1,1,2,26,2.75,2.5,2.5
311,GP,M,16,U,GT3,T,3,3,services,other,home,father,1,3,0,no,yes,no,yes,yes,yes,yes,no,5.0,3,3,1,1,5,2,5.0,5.5,5.5
312,GP,F,17,U,GT3,T,4,3,health,other,,mother,1,3,0,no,yes,yes,yes,yes,yes,yes,yes,4.0,4,3,1,3,4,0,4.25,4.75,4.75
313,MS,F,18,U,LE3,T,1,1,at_home,services,,father,2,3,0,no,no,no,no,yes,yes,yes,no,5.0,3,2,1,1,4,0,5.5,5.0,5.0
314,MS,F,18,R,GT3,T,4,4,other,teacher,,father,3,2,0,no,yes,yes,no,no,yes,yes,yes,3.0,2,2,4,2,5,10,4.5,4.0,3.75
315,GP,F,16,U,GT3,A,3,1,services,other,,mother,1,2,31,no,yes,yes,no,yes,yes,yes,no,2.0,3,3,2,2,4,5,2.75,2.75,2.75
316,GP,F,16,U,GT3,T,3,4,at_home,other,,mother,1,2,0,no,yes,no,no,yes,yes,yes,no,2.0,4,3,1,2,3,12,2.25,2.25,2.25
317,GP,F,19,R,GT3,T,2,3,other,other,,other,1,3,1,no,no,no,no,yes,yes,yes,yes,4.0,1,2,1,1,3,40,4.25,3.75,3.75
318,GP,F,18,R,GT3,T,1,1,at_home,other,,mother,3,1,3,no,yes,no,yes,no,yes,no,no,5.0,2,5,1,5,4,6,3.25,3.0,3.5
319,GP,F,17,U,GT3,T,1,1,services,teacher,,mother,1,3,0,no,yes,yes,no,yes,yes,yes,no,4.0,3,3,1,1,3,6,4.25,4.0,4.0
320,GP,M,16,R,LE3,T,3,3,teacher,other,,father,3,1,0,no,yes,yes,yes,yes,yes,yes,no,3.0,3,4,3,5,3,8,3.25,3.25,3.5
321,GP,F,16,U,LE3,T,1,1,at_home,at_home,,mother,1,1,0,no,no,no,no,yes,yes,yes,no,3.0,4,4,3,3,1,2,4.5,4.5,4.25
322,GP,F,17,U,GT3,T,2,2,other,other,,mother,1,2,0,no,yes,no,no,yes,yes,no,yes,4.0,2,2,1,1,3,12,3.75,3.25,3.25
323,GP,F,15,R,LE3,T,2,2,health,services,,mother,2,2,0,yes,yes,yes,no,yes,yes,yes,no,4.0,1,3,1,3,4,2,3.0,3.25,3.0
324,MS,M,21,R,GT3,T,1,1,other,other,,other,1,1,3,no,no,no,no,no,yes,no,no,5.0,5,3,3,3,3,3,3.5,3.0,2.75
325,GP,F,18,R,GT3,A,3,2,other,services,,mother,2,2,0,no,no,no,no,no,no,yes,yes,4.0,1,1,1,1,5,75,3.5,3.25,3.25
326,GP,M,18,U,,T,4,4,teacher,services,,mother,2,1,0,no,,yes,yes,yes,yes,yes,no,,2,4,1,4,3,22,3.25,3.25,3.25
327,GP,M,15,U,,T,4,3,teacher,other,,mother,1,2,0,no,,yes,yes,yes,yes,yes,no,,3,3,2,3,5,6,3.25,3.25,3.5
328,GP,M,16,U,GT3,T,4,4,services,services,,mother,1,1,0,no,no,no,yes,yes,yes,yes,no,5.0,3,2,1,2,5,0,4.25,4.0,4.0
329,GP,M,16,U,GT3,T,2,3,other,other,,father,2,1,0,no,no,no,no,yes,yes,yes,no,5.0,3,3,1,1,3,0,4.25,4.5,4.5
330,GP,M,15,U,GT3,T,2,3,other,services,,father,1,1,0,yes,yes,yes,yes,no,yes,yes,yes,3.0,2,2,1,3,3,2,3.5,4.0,4.0
331,GP,F,15,U,GT3,T,4,2,other,other,,mother,1,3,0,no,yes,no,yes,yes,yes,yes,no,5.0,3,3,1,3,1,4,4.25,4.5,4.5
332,GP,F,18,U,GT3,T,4,4,health,health,,father,1,2,1,yes,yes,no,yes,yes,yes,yes,yes,2.0,4,4,1,1,4,15,3.25,3.0,3.0
333,GP,F,16,U,LE3,T,4,4,teacher,teacher,,mother,1,2,0,no,yes,yes,no,yes,yes,yes,no,4.0,5,2,1,2,3,0,3.25,3.25,3.5
334,GP,F,15,U,GT3,T,2,3,other,other,,father,2,1,0,no,yes,no,yes,yes,yes,no,no,3.0,5,1,1,1,5,0,3.0,2.75,2.5
335,GP,F,16,U,GT3,T,2,2,other,other,,mother,1,2,0,no,yes,yes,no,no,yes,yes,no,5.0,1,5,1,1,4,0,2.5,2.75,1.0
336,GP,M,16,U,LE3,T,1,1,services,other,,mother,1,2,1,no,no,no,no,yes,yes,no,yes,4.0,4,4,1,3,5,0,4.5,4.0,4.0
337,MS,F,18,U,GT3,T,3,3,services,services,,mother,2,2,0,no,yes,no,no,yes,yes,yes,yes,4.0,3,2,1,3,3,0,3.75,3.75,3.5
338,GP,F,15,R,GT3,T,1,1,at_home,other,home,mother,2,4,1,yes,yes,yes,yes,yes,yes,yes,no,3.0,1,2,1,1,1,2,2.75,3.5,3.5
339,GP,F,17,U,GT3,A,4,3,services,services,,mother,1,2,0,no,yes,yes,no,yes,yes,yes,yes,5.0,2,2,1,2,5,23,4.25,4.25,4.25
340,GP,M,16,U,GT3,T,4,4,teacher,teacher,,mother,1,2,0,no,yes,yes,yes,yes,yes,yes,yes,4.0,4,5,5,5,5,16,3.5,4.0,3.75
341,GP,M,16,R,GT3,T,4,4,teacher,teacher,,mother,1,1,0,no,no,yes,yes,yes,yes,yes,no,3.0,5,5,2,5,4,8,5.5,5.5,5.5
342,GP,M,17,U,GT3,T,3,3,health,other,,mother,1,1,0,no,yes,yes,no,yes,yes,yes,no,4.0,4,3,1,3,5,4,4.5,4.0,3.75
343,GP,M,18,U,LE3,A,4,4,teacher,teacher,,mother,1,2,0,no,yes,yes,yes,yes,yes,yes,no,5.0,4,3,1,1,2,9,4.75,4.25,4.75
344,GP,F,19,U,GT3,T,1,1,at_home,health,,other,1,3,2,no,no,no,no,no,yes,yes,yes,4.0,1,2,1,1,3,14,4.75,4.25,4.25
345,GP,M,17,U,GT3,T,4,3,other,other,,mother,1,2,0,no,yes,no,yes,yes,yes,yes,yes,5.0,2,3,1,1,2,4,3.5,3.5,3.75
346,GP,M,16,U,GT3,T,3,2,at_home,other,reputation,mother,2,3,0,no,no,no,yes,yes,yes,yes,yes,5.0,3,3,1,3,2,10,3.75,3.25,3.5
347,GP,F,15,U,,T,1,1,at_home,other,,mother,1,2,33,yes,,yes,no,yes,yes,yes,no,,3,2,2,3,3,-1,2.75,3.0,3.5
348,GP,M,17,U,LE3,T,2,3,services,services,,father,1,2,0,no,yes,yes,no,no,yes,yes,no,5.0,3,3,1,3,3,2,4.0,3.75,4.0
349,GP,F,17,R,,T,3,1,services,other,,mother,2,4,0,no,,yes,no,yes,yes,no,no,,1,2,1,1,3,6,5.5,5.5,5.5
350,GP,F,15,U,LE3,T,4,2,health,other,other,mother,1,2,0,no,yes,yes,no,yes,yes,yes,no,4.0,3,3,1,1,5,2,3.75,4.25,4.25
351,GP,F,17,U,,T,4,4,teacher,services,course,mother,1,3,0,no,,yes,yes,yes,yes,yes,no,,4,4,1,3,4,7,3.5,3.25,3.25
352,GP,M,16,U,GT3,T,1,2,services,services,,mother,1,1,0,no,yes,yes,yes,yes,yes,yes,yes,3.0,3,3,1,2,3,2,3.75,4.0,3.75
353,GP,F,19,U,GT3,T,0,1,at_home,other,course,other,1,2,3,no,yes,no,no,no,no,no,no,3.0,4,2,1,1,5,2,2.75,3.0,3.25
354,MS,F,18,R,GT3,T,4,4,teacher,at_home,,mother,3,1,0,no,yes,yes,yes,yes,yes,yes,yes,4.0,4,3,2,2,5,7,2.5,2.25,2.5
